code	type	faculty	teacher	place	units	url	people	A	B	C	D	F	other	mean
10806011	学部	"○文化情報学入門
Introduction to Culture and Information Science"	"鋤柄　俊夫
星　英仁
伊藤　紀子
金　明哲
福田　智子
阪田　真己子
下嶋　篤
津村　宏臣
杉本　裕二
杉尾　武志
宿久　洋
矢野　環
波多野　賢治
鄭　躍軍
深川　大路
石岡　学
大塚　幸生
玉谷　充
柳沢　英輔
原　尚幸
河瀬　彰宏
浦部　治一郎
川﨑　廣𠮷
山内　信幸
田口　哲也
沈　力
中安　真理
田中　雄"	京田辺	2単位	https://syllabus.doshisha.ac.jp/html/2018/0806/10806011000.html	298.0	65.4	12.1	11.4	5.4	5.7	0.0	3.3
10806012-001	学部	"△コロキアム-1
Colloquium-1"	"鋤柄　俊夫
星　英仁
伊藤　紀子
福田　智子
下嶋　篤
杉本　裕二
宿久　洋
深川　大路
石岡　学
柳沢　英輔
原　尚幸
川﨑　廣𠮷
山内　信幸
田中　雄"	京田辺	1単位	https://syllabus.doshisha.ac.jp/html/2018/0806/10806012001.html								
10806012-002	学部	"△コロキアム-2
Colloquium-2"	"金　明哲
阪田　真己子
下嶋　篤
津村　宏臣
杉尾　武志
矢野　環
波多野　賢治
大塚　幸生
玉谷　充
河瀬　彰宏
浦部　治一郎
田口　哲也
沈　力
中安　真理"	京田辺	1単位	https://syllabus.doshisha.ac.jp/html/2018/0806/10806012002.html								
10806013	学部	"△ジョイント・リサーチ演習１
Joint Research Practicum 1"	"鋤柄　俊夫
星　英仁
伊藤　紀子
福田　智子
矢野　環
大浦　真
柳沢　英輔
山内　信幸
田口　哲也
沈　力
中安　真理
田中　雄"	京田辺	1単位	https://syllabus.doshisha.ac.jp/html/2018/0806/10806013000.html								
10806021	学部	"△ジョイント・リサーチ演習２
Joint Research Practicum 2"	"金　明哲
阪田　真己子
下嶋　篤
杉尾　武志
鄭　躍軍
松田　佳尚
石岡　学
大塚　幸生
河瀬　彰宏
浦部　治一郎
藤田　成隆
濱田　大佐"	京田辺	1単位	https://syllabus.doshisha.ac.jp/html/2018/0806/10806021000.html								
10806022	学部	"○ジョイント・リサーチ演習３
Joint Research Practicum 3"	"阪田　真己子
宿久　洋
竹野　倫彰
玉谷　充
原　尚幸
河瀬　彰宏"	京田辺	1単位	https://syllabus.doshisha.ac.jp/html/2018/0806/10806022000.html								
10806031-002	学部	"○ジョイント・リサーチⅠ-2
Joint Research I-2"	"宿久　洋
波多野　賢治
深川　大路"	京田辺	1単位	https://syllabus.doshisha.ac.jp/html/2018/0806/10806031002.html	21.0	61.9	28.6	0.0	0.0	9.5	0.0	3.3
10806031-007	学部	"○ジョイント・リサーチⅠ-7
Joint Research I-7"	"川﨑　廣𠮷
沈　力"	京田辺	1単位	https://syllabus.doshisha.ac.jp/html/2018/0806/10806031007.html	11.0	63.6	27.3	9.1	0.0	0.0	0.0	3.5
10806031-010	学部	"○ジョイント・リサーチⅠ-10
Joint Research I-10"	"石岡　学
山内　信幸
田口　哲也"	京田辺	1単位	https://syllabus.doshisha.ac.jp/html/2018/0806/10806031010.html	25.0	100.0	0.0	0.0	0.0	0.0	0.0	4.0
10806031-011	学部	"○ジョイント・リサーチⅠ-11
Joint Research I-11"	"津村　宏臣
杉本　裕二
岸田　徹"	京田辺	1単位	https://syllabus.doshisha.ac.jp/html/2018/0806/10806031011.html	16.0	37.5	50.0	6.3	0.0	6.3	0.0	3.1
10806031-012	学部	"○ジョイント・リサーチⅠ-12
Joint Research I-12"	"浦部　治一郎
川﨑　廣𠮷"	京田辺	1単位	https://syllabus.doshisha.ac.jp/html/2018/0806/10806031012.html	16.0	62.5	37.5	0.0	0.0	0.0	0.0	3.6
10806031-015	学部	"○ジョイント・リサーチⅠ-15
Joint Research I-15"	"伊藤　紀子
阪田　真己子"	京田辺	1単位	https://syllabus.doshisha.ac.jp/html/2018/0806/10806031015.html	22.0	86.4	9.1	4.5	0.0	0.0	0.0	3.8
10806031-016	学部	"○ジョイント・リサーチⅠ-16
Joint Research I-16"	"星　英仁
杉尾　武志
大塚　幸生"	京田辺	1単位	https://syllabus.doshisha.ac.jp/html/2018/0806/10806031016.html	27.0	51.9	25.9	11.1	7.4	3.7	0.0	3.1
10806031-017	学部	"○ジョイント・リサーチⅠ-17
Joint Research I-17"	"金　明哲
鄭　躍軍"	京田辺	1単位	https://syllabus.doshisha.ac.jp/html/2018/0806/10806031017.html	21.0	33.3	52.4	14.3	0.0	0.0	0.0	3.2
10806031-019	学部	"○ジョイント・リサーチⅠ-19
Joint Research I-19"	"星　英仁
沈　力
田中　雄"	京田辺	1単位	https://syllabus.doshisha.ac.jp/html/2018/0806/10806031019.html	14.0	50.0	21.4	0.0	7.1	21.4	0.0	2.7
10806031-021	学部	"○ジョイント・リサーチⅠ-21
Joint Research I-21"	"津村　宏臣
杉本　裕二
岸田　徹"	京田辺	1単位	https://syllabus.doshisha.ac.jp/html/2018/0806/10806031021.html	16.0	31.3	25.0	31.3	12.5	0.0	0.0	2.8
10806031-024	学部	"○ジョイント・リサーチⅠ-24
Joint Research I-24"	"福田　智子
深川　大路
河瀬　彰宏"	京田辺	1単位	https://syllabus.doshisha.ac.jp/html/2018/0806/10806031024.html	16.0	31.3	31.3	25.0	6.3	6.3	0.0	2.8
10806031-025	学部	"○ジョイント・リサーチⅠ-25
Joint Research I-25"	"福田　智子
矢野　環
髙橋　美都"	京田辺	1単位	https://syllabus.doshisha.ac.jp/html/2018/0806/10806031025.html	19.0	47.4	36.8	5.3	5.3	5.3	0.0	3.2
10806031-027	学部	"○ジョイント・リサーチⅠ-27
Joint Research I-27"	"玉谷　充
原　尚幸"	京田辺	1単位	https://syllabus.doshisha.ac.jp/html/2018/0806/10806031027.html	21.0	76.2	9.5	14.3	0.0	0.0	0.0	3.6
10806031-028	学部	"○ジョイント・リサーチⅠ-28
Joint Research I-28"	"石岡　学
河瀬　彰宏"	京田辺	1単位	https://syllabus.doshisha.ac.jp/html/2018/0806/10806031028.html	11.0	36.4	45.5	18.2	0.0	0.0	0.0	3.2
10806031-029	学部	"○ジョイント・リサーチⅠ-29
Joint Research I-29"	"下嶋　篤
中安　真理"	京田辺	1単位	https://syllabus.doshisha.ac.jp/html/2018/0806/10806031029.html	19.0	31.6	15.8	31.6	15.8	5.3	0.0	2.5
10806031-030	学部	"○ジョイント・リサーチⅠ-30(デジタルミュージアム京都の制作)
Joint Research I-30"	"鋤柄　俊夫
柳沢　英輔"	京田辺	1単位	https://syllabus.doshisha.ac.jp/html/2018/0806/10806031030.html	21.0	23.8	76.2	0.0	0.0	0.0	0.0	3.2
10806032-002	学部	"△ジョイント・リサーチⅡ-2
Joint Research II-2"	"宿久　洋
波多野　賢治
深川　大路"	京田辺	1単位	https://syllabus.doshisha.ac.jp/html/2018/0806/10806032002.html	19.0	31.6	42.1	10.5	15.8	0.0	0.0	2.9
10806032-007	学部	"△ジョイント・リサーチⅡ-7
Joint Research II-7"	"川﨑　廣𠮷
沈　力"	京田辺	1単位	https://syllabus.doshisha.ac.jp/html/2018/0806/10806032007.html	11.0	45.5	36.4	18.2	0.0	0.0	0.0	3.3
10806032-010	学部	"△ジョイント・リサーチⅡ-10
Joint Research II-10"	"石岡　学
山内　信幸
田口　哲也"	京田辺	1単位	https://syllabus.doshisha.ac.jp/html/2018/0806/10806032010.html	25.0	40.0	40.0	20.0	0.0	0.0	0.0	3.2
10806032-011	学部	"△ジョイント・リサーチⅡ-11
Joint Research II-11"	"津村　宏臣
杉本　裕二
岸田　徹"	京田辺	1単位	https://syllabus.doshisha.ac.jp/html/2018/0806/10806032011.html	16.0	75.0	25.0	0.0	0.0	0.0	0.0	3.8
10806032-012	学部	"△ジョイント・リサーチⅡ-12
Joint Research II-12"	"浦部　治一郎
川﨑　廣𠮷"	京田辺	1単位	https://syllabus.doshisha.ac.jp/html/2018/0806/10806032012.html								
10806032-015	学部	"△ジョイント・リサーチⅡ-15
Joint Research II-15"	"伊藤　紀子
阪田　真己子"	京田辺	1単位	https://syllabus.doshisha.ac.jp/html/2018/0806/10806032015.html	23.0	78.3	13.0	4.3	4.3	0.0	0.0	3.7
10806032-016	学部	"△ジョイント・リサーチⅡ-16
Joint Research II-16"	"星　英仁
杉尾　武志
大塚　幸生"	京田辺	1単位	https://syllabus.doshisha.ac.jp/html/2018/0806/10806032016.html	27.0	44.4	29.6	11.1	11.1	3.7	0.0	3.0
10806032-017	学部	"△ジョイント・リサーチⅡ-17
Joint Research II-17"	"金　明哲
鄭　躍軍"	京田辺	1単位	https://syllabus.doshisha.ac.jp/html/2018/0806/10806032017.html	22.0	18.2	59.1	9.1	13.6	0.0	0.0	2.8
10806032-019	学部	"△ジョイント・リサーチⅡ-19
Joint Research II-19"	"星　英仁
沈　力
田中　雄"	京田辺	1単位	https://syllabus.doshisha.ac.jp/html/2018/0806/10806032019.html	10.0	30.0	30.0	20.0	0.0	20.0	0.0	2.5
10806032-021	学部	"△ジョイント・リサーチⅡ-21
Joint Research II-21"	"津村　宏臣
杉本　裕二
岸田　徹"	京田辺	1単位	https://syllabus.doshisha.ac.jp/html/2018/0806/10806032021.html	16.0	18.8	68.8	0.0	12.5	0.0	0.0	2.9
10806032-024	学部	"△ジョイント・リサーチⅡ-24
Joint Research II-24"	"福田　智子
深川　大路
河瀬　彰宏"	京田辺	1単位	https://syllabus.doshisha.ac.jp/html/2018/0806/10806032024.html	15.0	46.7	26.7	13.3	13.3	0.0	0.0	3.1
10806032-025	学部	"△ジョイント・リサーチⅡ-25
Joint Research II-25"	"福田　智子
矢野　環
髙橋　美都"	京田辺	1単位	https://syllabus.doshisha.ac.jp/html/2018/0806/10806032025.html	19.0	42.1	42.1	10.5	0.0	5.3	0.0	3.2
10806032-027	学部	"△ジョイント・リサーチⅡ-27
Joint Research II-27"	"玉谷　充
原　尚幸"	京田辺	1単位	https://syllabus.doshisha.ac.jp/html/2018/0806/10806032027.html	21.0	66.7	19.0	4.8	4.8	4.8	0.0	3.4
10806032-028	学部	"△ジョイント・リサーチⅡ-28
Joint Research II-28"	"石岡　学
河瀬　彰宏"	京田辺	1単位	https://syllabus.doshisha.ac.jp/html/2018/0806/10806032028.html	10.0	90.0	10.0	0.0	0.0	0.0	0.0	3.9
10806032-029	学部	"△ジョイント・リサーチⅡ-29
Joint Research II-29"	"下嶋　篤
中安　真理"	京田辺	1単位	https://syllabus.doshisha.ac.jp/html/2018/0806/10806032029.html	17.0	23.5	41.2	17.6	17.6	0.0	0.0	2.7
10806032-030	学部	"△ジョイント・リサーチⅡ-30(デジタルミュージアム京都の制作)
Joint Research II-30"	"鋤柄　俊夫
柳沢　英輔"	京田辺	1単位	https://syllabus.doshisha.ac.jp/html/2018/0806/10806032030.html	21.0	19.0	81.0	0.0	0.0	0.0	0.0	3.2
10806033-001	学部	"△アドバンスト・コロキアム-1
Advanced Colloquium-1"	"鋤柄　俊夫
星　英仁
伊藤　紀子
福田　智子
下嶋　篤
杉本　裕二
宿久　洋
深川　大路
石岡　学
柳沢　英輔
原　尚幸
川﨑　廣𠮷
山内　信幸
田中　雄"	京田辺	1単位	https://syllabus.doshisha.ac.jp/html/2018/0806/10806033001.html								
10806033-002	学部	"△アドバンスト・コロキアム-2
Advanced Colloquium-2"	"金　明哲
阪田　真己子
下嶋　篤
津村　宏臣
杉尾　武志
矢野　環
波多野　賢治
大塚　幸生
玉谷　充
河瀬　彰宏
浦部　治一郎
田口　哲也
沈　力
中安　真理"	京田辺	1単位	https://syllabus.doshisha.ac.jp/html/2018/0806/10806033002.html								
10806041-001	学部	"○卒業研究Ⅰ-1
Graduation Study I-1"	福田　智子	京田辺	4単位	https://syllabus.doshisha.ac.jp/html/2018/0806/10806041001.html								
10806041-002	学部	"○卒業研究Ⅰ-2
Graduation Study I-2"	波多野　賢治	京田辺	4単位	https://syllabus.doshisha.ac.jp/html/2018/0806/10806041002.html								
10806041-003	学部	"○卒業研究Ⅰ-3
Graduation Study I-3"	星　英仁	京田辺	4単位	https://syllabus.doshisha.ac.jp/html/2018/0806/10806041003.html								
10806041-004	学部	"○卒業研究Ⅰ-4
Graduation Study I-4"	伊藤　紀子	京田辺	4単位	https://syllabus.doshisha.ac.jp/html/2018/0806/10806041004.html								
10806041-005	学部	"○卒業研究Ⅰ-5
Graduation Study I-5"	金　明哲	京田辺	4単位	https://syllabus.doshisha.ac.jp/html/2018/0806/10806041005.html								
10806041-008	学部	"○卒業研究Ⅰ-8
Graduation Study I-8"	川﨑　廣𠮷	京田辺	4単位	https://syllabus.doshisha.ac.jp/html/2018/0806/10806041008.html								
10806041-011	学部	"○卒業研究Ⅰ-11
Graduation Study I-11"	阪田　真己子	京田辺	4単位	https://syllabus.doshisha.ac.jp/html/2018/0806/10806041011.html								
10806041-012	学部	"○卒業研究Ⅰ-12
Graduation Study I-12"	沈　力	京田辺	4単位	https://syllabus.doshisha.ac.jp/html/2018/0806/10806041012.html								
10806041-014	学部	"○卒業研究Ⅰ-14
Graduation Study I-14"	下嶋　篤	京田辺	4単位	https://syllabus.doshisha.ac.jp/html/2018/0806/10806041014.html								
10806041-016	学部	"○卒業研究Ⅰ-16
Graduation Study I-16"	杉本　裕二	京田辺	4単位	https://syllabus.doshisha.ac.jp/html/2018/0806/10806041016.html								
10806041-017	学部	"○卒業研究Ⅰ-17
Graduation Study I-17"	杉尾　武志	京田辺	4単位	https://syllabus.doshisha.ac.jp/html/2018/0806/10806041017.html								
10806041-018	学部	"○卒業研究Ⅰ-18
Graduation Study I-18"	鋤柄　俊夫	京田辺	4単位	https://syllabus.doshisha.ac.jp/html/2018/0806/10806041018.html								
10806041-019	学部	"○卒業研究Ⅰ-19
Graduation Study I-19"	田口　哲也	京田辺	4単位	https://syllabus.doshisha.ac.jp/html/2018/0806/10806041019.html								
10806041-021	学部	"○卒業研究Ⅰ-21
Graduation Study I-21"	津村　宏臣	京田辺	4単位	https://syllabus.doshisha.ac.jp/html/2018/0806/10806041021.html								
10806041-022	学部	"○卒業研究Ⅰ-22
Graduation Study I-22"	浦部　治一郎	京田辺	4単位	https://syllabus.doshisha.ac.jp/html/2018/0806/10806041022.html								
10806041-023	学部	"○卒業研究Ⅰ-23
Graduation Study I-23"	宿久　洋	京田辺	4単位	https://syllabus.doshisha.ac.jp/html/2018/0806/10806041023.html								
10806041-024	学部	"○卒業研究Ⅰ-24
Graduation Study I-24"	山内　信幸	京田辺	4単位	https://syllabus.doshisha.ac.jp/html/2018/0806/10806041024.html								
10806041-025	学部	"○卒業研究Ⅰ-25
Graduation Study I-25"	矢野　環	京田辺	4単位	https://syllabus.doshisha.ac.jp/html/2018/0806/10806041025.html								
10806041-026	学部	"○卒業研究Ⅰ-26
Graduation Study I-26"	鄭　躍軍	京田辺	4単位	https://syllabus.doshisha.ac.jp/html/2018/0806/10806041026.html								
10806041-028	学部	"○卒業研究Ⅰ-28
Graduation Study I-28"	深川　大路	京田辺	4単位	https://syllabus.doshisha.ac.jp/html/2018/0806/10806041028.html								
10806041-033	学部	"○卒業研究Ⅰ-33
Graduation Study I-33"	石岡　学	京田辺	4単位	https://syllabus.doshisha.ac.jp/html/2018/0806/10806041033.html								
10806041-034	学部	"○卒業研究Ⅰ-34
Graduation Study I-34"	大塚　幸生	京田辺	4単位	https://syllabus.doshisha.ac.jp/html/2018/0806/10806041034.html								
10806041-035	学部	"○卒業研究Ⅰ-35
Graduation Study I-35"	玉谷　充	京田辺	4単位	https://syllabus.doshisha.ac.jp/html/2018/0806/10806041035.html								
10806041-036	学部	"○卒業研究Ⅰ-36
Graduation Study I-36"	柳沢　英輔	京田辺	4単位	https://syllabus.doshisha.ac.jp/html/2018/0806/10806041036.html								
10806041-037	学部	"○卒業研究Ⅰ-37
Graduation Study I-37"	原　尚幸	京田辺	4単位	https://syllabus.doshisha.ac.jp/html/2018/0806/10806041037.html								
10806041-038	学部	"○卒業研究Ⅰ-38
Graduation Study I-38"	河瀬　彰宏	京田辺	4単位	https://syllabus.doshisha.ac.jp/html/2018/0806/10806041038.html								
10806041-039	学部	"○卒業研究Ⅰ-39
Graduation Study I-39"	中安　真理	京田辺	4単位	https://syllabus.doshisha.ac.jp/html/2018/0806/10806041039.html								
10806041-040	学部	"○卒業研究Ⅰ-40
Graduation Study I-40"	田中　雄	京田辺	4単位	https://syllabus.doshisha.ac.jp/html/2018/0806/10806041040.html								
10806042-001	学部	"△卒業研究Ⅱ-1
Graduation Study II-1"	福田　智子	京田辺	4単位	https://syllabus.doshisha.ac.jp/html/2018/0806/10806042001.html								
10806042-002	学部	"△卒業研究Ⅱ-2
Graduation Study II-2"	波多野　賢治	京田辺	4単位	https://syllabus.doshisha.ac.jp/html/2018/0806/10806042002.html								
10806042-003	学部	"△卒業研究Ⅱ-3
Graduation Study II-3"	星　英仁	京田辺	4単位	https://syllabus.doshisha.ac.jp/html/2018/0806/10806042003.html								
10806042-004	学部	"△卒業研究Ⅱ-4
Graduation Study II-4"	伊藤　紀子	京田辺	4単位	https://syllabus.doshisha.ac.jp/html/2018/0806/10806042004.html								
10806042-005	学部	"△卒業研究Ⅱ-5
Graduation Study II-5"	金　明哲	京田辺	4単位	https://syllabus.doshisha.ac.jp/html/2018/0806/10806042005.html								
10806042-008	学部	"△卒業研究Ⅱ-8
Graduation Study II-8"	川﨑　廣𠮷	京田辺	4単位	https://syllabus.doshisha.ac.jp/html/2018/0806/10806042008.html								
10806042-011	学部	"△卒業研究Ⅱ-11
Graduation Study II-11"	阪田　真己子	京田辺	4単位	https://syllabus.doshisha.ac.jp/html/2018/0806/10806042011.html								
10806042-012	学部	"△卒業研究Ⅱ-12
Graduation Study II-12"	沈　力	京田辺	4単位	https://syllabus.doshisha.ac.jp/html/2018/0806/10806042012.html								
10806042-014	学部	"△卒業研究Ⅱ-14
Graduation Study II-14"	下嶋　篤	京田辺	4単位	https://syllabus.doshisha.ac.jp/html/2018/0806/10806042014.html								
10806042-016	学部	"△卒業研究Ⅱ-16
Graduation Study II-16"	杉本　裕二	京田辺	4単位	https://syllabus.doshisha.ac.jp/html/2018/0806/10806042016.html								
10806042-017	学部	"△卒業研究Ⅱ-17
Graduation Study II-17"	杉尾　武志	京田辺	4単位	https://syllabus.doshisha.ac.jp/html/2018/0806/10806042017.html								
10806042-018	学部	"△卒業研究Ⅱ-18
Graduation Study II-18"	鋤柄　俊夫	京田辺	4単位	https://syllabus.doshisha.ac.jp/html/2018/0806/10806042018.html								
10806042-019	学部	"△卒業研究Ⅱ-19
Graduation Study II-19"	田口　哲也	京田辺	4単位	https://syllabus.doshisha.ac.jp/html/2018/0806/10806042019.html								
10806042-021	学部	"△卒業研究Ⅱ-21
Graduation Study II-21"	津村　宏臣	京田辺	4単位	https://syllabus.doshisha.ac.jp/html/2018/0806/10806042021.html								
10806042-022	学部	"△卒業研究Ⅱ-22
Graduation Study II-22"	浦部　治一郎	京田辺	4単位	https://syllabus.doshisha.ac.jp/html/2018/0806/10806042022.html								
10806042-023	学部	"△卒業研究Ⅱ-23
Graduation Study II-23"	宿久　洋	京田辺	4単位	https://syllabus.doshisha.ac.jp/html/2018/0806/10806042023.html								
10806042-024	学部	"△卒業研究Ⅱ-24
Graduation Study II-24"	山内　信幸	京田辺	4単位	https://syllabus.doshisha.ac.jp/html/2018/0806/10806042024.html								
10806042-025	学部	"△卒業研究Ⅱ-25
Graduation Study II-25"	矢野　環	京田辺	4単位	https://syllabus.doshisha.ac.jp/html/2018/0806/10806042025.html								
10806042-026	学部	"△卒業研究Ⅱ-26
Graduation Study II-26"	鄭　躍軍	京田辺	4単位	https://syllabus.doshisha.ac.jp/html/2018/0806/10806042026.html								
10806042-028	学部	"△卒業研究Ⅱ-28
Graduation Study II-28"	深川　大路	京田辺	4単位	https://syllabus.doshisha.ac.jp/html/2018/0806/10806042028.html								
10806042-033	学部	"△卒業研究Ⅱ-33
Graduation Study II-33"	石岡　学	京田辺	4単位	https://syllabus.doshisha.ac.jp/html/2018/0806/10806042033.html								
10806042-034	学部	"△卒業研究Ⅱ-34
Graduation Study II-34"	大塚　幸生	京田辺	4単位	https://syllabus.doshisha.ac.jp/html/2018/0806/10806042034.html								
10806042-035	学部	"△卒業研究Ⅱ-35
Graduation Study II-35"	玉谷　充	京田辺	4単位	https://syllabus.doshisha.ac.jp/html/2018/0806/10806042035.html								
10806042-036	学部	"△卒業研究Ⅱ-36
Graduation Study II-36"	柳沢　英輔	京田辺	4単位	https://syllabus.doshisha.ac.jp/html/2018/0806/10806042036.html								
10806042-037	学部	"△卒業研究Ⅱ-37
Graduation Study II-37"	原　尚幸	京田辺	4単位	https://syllabus.doshisha.ac.jp/html/2018/0806/10806042037.html								
10806042-038	学部	"△卒業研究Ⅱ-38
Graduation Study II-38"	河瀬　彰宏	京田辺	4単位	https://syllabus.doshisha.ac.jp/html/2018/0806/10806042038.html								
10806042-039	学部	"△卒業研究Ⅱ-39
Graduation Study II-39"	中安　真理	京田辺	4単位	https://syllabus.doshisha.ac.jp/html/2018/0806/10806042039.html								
10806042-040	学部	"△卒業研究Ⅱ-40
Graduation Study II-40"	田中　雄	京田辺	4単位	https://syllabus.doshisha.ac.jp/html/2018/0806/10806042040.html								
10806051	学部	"△文化情報学演習１
Culture and Information Science Practicum 1"	"鋤柄　俊夫
星　英仁
伊藤　紀子
福田　智子
矢野　環
大浦　真
柳沢　英輔
山内　信幸
田口　哲也
沈　力
中安　真理
田中　雄"	京田辺	1単位	https://syllabus.doshisha.ac.jp/html/2018/0806/10806051000.html								
10806061	学部	"△文化情報学演習２
Culture and Information Science Practicum 2"	"金　明哲
阪田　真己子
下嶋　篤
杉尾　武志
鄭　躍軍
松田　佳尚
石岡　学
大塚　幸生
河瀬　彰宏
浦部　治一郎
藤田　成隆
濱田　大佐"	京田辺	1単位	https://syllabus.doshisha.ac.jp/html/2018/0806/10806061000.html								
10806062	学部	"○文化情報学演習３
Culture and Information Science Practicum 3"	"阪田　真己子
宿久　洋
竹野　倫彰
玉谷　充
原　尚幸
河瀬　彰宏"	京田辺	1単位	https://syllabus.doshisha.ac.jp/html/2018/0806/10806062000.html	338.0	13.6	14.2	16.9	30.8	24.6	0.0	1.6
10806111	学部	"○日本文化史
Information to Japanese Cultural History"	髙橋　美都	京田辺	2単位	https://syllabus.doshisha.ac.jp/html/2018/0806/10806111000.html	151.0	31.1	40.4	13.2	4.6	10.6	0.0	2.8
10806112	学部	"○文化計量学入門
Introduction to Quantitative Analysis of Culture"	河瀬　彰宏	京田辺	2単位	https://syllabus.doshisha.ac.jp/html/2018/0806/10806112000.html	251.0	11.2	20.3	38.2	20.7	9.6	0.0	2.0
10806113	学部	"○現代文化概論
Contemporary Cultural Studies"	柳沢　英輔	京田辺	2単位	https://syllabus.doshisha.ac.jp/html/2018/0806/10806113000.html	323.0	8.7	20.7	35.6	15.8	19.2	0.0	1.8
10806114	学部	"△歴史文化情報入門
Introduction to Historic and Cultural Information"	鋤柄　俊夫	京田辺	2単位	https://syllabus.doshisha.ac.jp/html/2018/0806/10806114000.html	102.0	15.7	19.6	41.2	2.0	21.6	0.0	2.1
10806115	学部	"△文献学入門
Introduction to Philology"	福田　智子	京田辺	2単位	https://syllabus.doshisha.ac.jp/html/2018/0806/10806115000.html	129.0	5.4	18.6	10.9	34.9	30.2	0.0	1.3
10806116	学部	"△ジャパノロジー概論
Survey of Japanology"	佐野　仁志	京田辺	2単位	https://syllabus.doshisha.ac.jp/html/2018/0806/10806116000.html	27.0	29.6	22.2	3.7	0.0	44.4	0.0	1.9
10806121	学部	"○歴史文化情報概説
Survey of Historic and Cultural Information"	鋤柄　俊夫	京田辺	2単位	https://syllabus.doshisha.ac.jp/html/2018/0806/10806121000.html	56.0	21.4	41.1	23.2	1.8	12.5	0.0	2.6
10806122	学部	"○文献講読
Reading Literature"	福田　智子	京田辺	2単位	https://syllabus.doshisha.ac.jp/html/2018/0806/10806122000.html	92.0	14.1	17.4	14.1	30.4	23.9	0.0	1.7
10806123	学部	"○人間と文化
Human Beings and Culture"	田口　哲也	京田辺	2単位	https://syllabus.doshisha.ac.jp/html/2018/0806/10806123000.html	168.0	8.3	13.7	19.0	26.8	32.1	0.0	1.4
10806124	学部	"△比較文化論
Comparative Cultural Studies"	田口　哲也	京田辺	2単位	https://syllabus.doshisha.ac.jp/html/2018/0806/10806124000.html	92.0	6.5	13.0	13.0	26.1	41.3	0.0	1.2
10806125	学部	"△伝統音楽論
Classical Music"	柳沢　英輔	京田辺	2単位	https://syllabus.doshisha.ac.jp/html/2018/0806/10806125000.html	213.0	8.9	18.8	26.8	23.5	22.1	0.0	1.7
10806126	学部	"△文献解析
Analysis of Literature"	矢野　環	京田辺	2単位	https://syllabus.doshisha.ac.jp/html/2018/0806/10806126000.html	62.0	16.1	6.5	16.1	11.3	50.0	0.0	1.3
10806127	学部	"△美術史学
Art History"	中安　真理	京田辺	2単位	https://syllabus.doshisha.ac.jp/html/2018/0806/10806127000.html	82.0	11.0	11.0	46.3	18.3	13.4	0.0	1.9
10806131	学部	"○歴史文化情報論
Historic and Cultural Information"	鋤柄　俊夫	京田辺	2単位	https://syllabus.doshisha.ac.jp/html/2018/0806/10806131000.html	20.0	50.0	25.0	0.0	0.0	25.0	0.0	2.8
10806132	学部	"○文化記号論
Semiotics of Culture"	髙橋　美都	京田辺	2単位	https://syllabus.doshisha.ac.jp/html/2018/0806/10806132000.html	77.0	35.1	33.8	10.4	6.5	14.3	0.0	2.7
10806133	学部	"○古典文化論
Classic Culture"	中安　真理	京田辺	2単位	https://syllabus.doshisha.ac.jp/html/2018/0806/10806133000.html	37.0	16.2	16.2	24.3	13.5	29.7	0.0	1.8
10806134	学部	"△文化解析
Data Analysis of Culture"	河瀬　彰宏	京田辺	2単位	https://syllabus.doshisha.ac.jp/html/2018/0806/10806134000.html	47.0	23.4	19.1	12.8	10.6	34.0	0.0	1.9
10806135	学部	"○音楽解析
Data Analysis of Music"	髙橋　美都	京田辺	2単位	https://syllabus.doshisha.ac.jp/html/2018/0806/10806135000.html	106.0	49.1	34.9	2.8	0.9	12.3	0.0	3.1
10806211	学部	"○ことばと文化
Language and Culture"	山内　信幸	京田辺	2単位	https://syllabus.doshisha.ac.jp/html/2018/0806/10806211000.html	144.0	8.3	21.5	25.7	25.7	18.8	0.0	1.8
10806212	学部	"○ことばの科学
The Science of Language"	星　英仁	京田辺	2単位	https://syllabus.doshisha.ac.jp/html/2018/0806/10806212000.html	230.0	17.4	30.0	24.3	17.0	11.3	0.0	2.3
10806213	学部	"△ことばと社会
Language and Society"	伊藤　紀子	京田辺	2単位	https://syllabus.doshisha.ac.jp/html/2018/0806/10806213000.html	145.0	11.7	36.6	18.6	9.7	23.4	0.0	2.0
10806214	学部	"△世界の諸言語
Languages of the World"	田中　雄	京田辺	2単位	https://syllabus.doshisha.ac.jp/html/2018/0806/10806214000.html	112.0	10.7	26.8	28.6	8.9	25.0	0.0	1.9
10806221	学部	"○言語とコーパス
Language and Corpora"	伊藤　紀子	京田辺	2単位	https://syllabus.doshisha.ac.jp/html/2018/0806/10806221000.html	43.0	18.6	25.6	14.0	7.0	34.9	0.0	1.9
10806222	学部	"○言語研究の方法１
Methodologies to Linguistic Study 1"	山内　信幸	京田辺	2単位	https://syllabus.doshisha.ac.jp/html/2018/0806/10806222000.html	128.0	11.7	26.6	28.1	18.8	14.8	0.0	2.0
10806223	学部	"○言語類型論
Linguistic Typology"	沈　力	京田辺	2単位	https://syllabus.doshisha.ac.jp/html/2018/0806/10806223000.html	136.0	6.6	14.0	15.4	30.1	33.8	0.0	1.3
10806224	学部	"△言語コミュニケーション論
Language and Communication Theory"	山内　信幸	京田辺	2単位	https://syllabus.doshisha.ac.jp/html/2018/0806/10806224000.html	118.0	17.8	18.6	30.5	12.7	20.3	0.0	2.0
10806225	学部	"△言語研究の方法２
Methodologies to Linguistic Study 2"	沈　力	京田辺	2単位	https://syllabus.doshisha.ac.jp/html/2018/0806/10806225000.html	52.0	7.7	19.2	40.4	15.4	17.3	0.0	1.8
10806231	学部	"○言語行動論
Linguistics Behavior"	伊藤　紀子	京田辺	2単位	https://syllabus.doshisha.ac.jp/html/2018/0806/10806231000.html	14.0	28.6	35.7	0.0	0.0	35.7	0.0	2.2
10806233	学部	"○自然言語の生成モデル
Theory of Syntax for Natural Language"	星　英仁	京田辺	2単位	https://syllabus.doshisha.ac.jp/html/2018/0806/10806233000.html								
10806234	学部	"△言語と脳科学
Language and Brain Science"	星　英仁	京田辺	2単位	https://syllabus.doshisha.ac.jp/html/2018/0806/10806234000.html								
10806311	学部	"○文化と認知
Culture and Cognition"	下嶋　篤	京田辺	2単位	https://syllabus.doshisha.ac.jp/html/2018/0806/10806311000.html	21.0	9.5	9.5	38.1	9.5	33.3	0.0	1.5
10806312	学部	"○身体論
Body Studies"	"阪田　真己子
菊地　暁
後安　美紀
山本　倫也
鈴木　康史"	京田辺	2単位	https://syllabus.doshisha.ac.jp/html/2018/0806/10806312000.html	361.0	16.1	21.1	24.4	16.9	21.6	0.0	1.9
10806313	学部	"△認知科学入門
Introduction to Cognitive Science"	杉尾　武志	京田辺	2単位	https://syllabus.doshisha.ac.jp/html/2018/0806/10806313000.html	300.0	13.7	24.3	22.0	17.0	23.0	0.0	1.9
10806314	学部	"△人間と感性
Human Beings and Kansei"	大塚　幸生	京田辺	2単位	https://syllabus.doshisha.ac.jp/html/2018/0806/10806314000.html	243.0	31.3	12.8	12.8	19.3	23.9	0.0	2.1
10806321	学部	"○感覚・知覚論
Sensation and Perception"	杉尾　武志	京田辺	2単位	https://syllabus.doshisha.ac.jp/html/2018/0806/10806321000.html	293.0	5.8	15.0	24.2	26.3	28.7	0.0	1.4
10806322	学部	"△身体メディア論
Human Body as Medium"	阪田　真己子	京田辺	2単位	https://syllabus.doshisha.ac.jp/html/2018/0806/10806322000.html	315.0	16.8	18.7	23.8	16.8	23.8	0.0	1.9
10806323	学部	"○認知科学の方法
Methods of Cognitive Science"	"阪田　真己子
杉尾　武志
大塚　幸生"	京田辺	2単位	https://syllabus.doshisha.ac.jp/html/2018/0806/10806323000.html								
10806324	学部	"○認知科学実習
Practices of Cognitive Science"	"阪田　真己子
杉尾　武志
大塚　幸生"	京田辺	2単位	https://syllabus.doshisha.ac.jp/html/2018/0806/10806324000.html								
10806325	学部	"△表現文化論
Representational cultures"	"下嶋　篤
後安　美紀"	京田辺	2単位	https://syllabus.doshisha.ac.jp/html/2018/0806/10806325000.html	252.0	5.6	19.8	43.3	20.2	11.1	0.0	1.9
10806331	学部	"△認知システム論
Cognitive Systems"	杉尾　武志	京田辺	2単位	https://syllabus.doshisha.ac.jp/html/2018/0806/10806331000.html								
10806332	学部	"△身体認知論
Embodied Cognition"	"阪田　真己子
下嶋　篤
杉尾　武志"	京田辺	2単位	https://syllabus.doshisha.ac.jp/html/2018/0806/10806332000.html	108.0	0.9	5.6	22.2	52.8	18.5	0.0	1.2
10806361	学部	"△認知システム論
Cognitive Systems"	杉尾　武志	京田辺	2単位	https://syllabus.doshisha.ac.jp/html/2018/0806/10806361000.html	24.0	29.2	20.8	16.7	25.0	8.3	0.0	2.4
10806371	学部	"○認知科学の方法
Methods of Cognitive Science"	"阪田　真己子
杉尾　武志
大塚　幸生"	京田辺	2単位	https://syllabus.doshisha.ac.jp/html/2018/0806/10806371000.html	78.0	16.7	14.1	23.1	19.2	26.9	0.0	1.7
10806372	学部	"○認知科学実習
Practices of Cognitive Science"	"阪田　真己子
杉尾　武志
大塚　幸生"	京田辺	2単位	https://syllabus.doshisha.ac.jp/html/2018/0806/10806372000.html	49.0	65.3	12.2	10.2	4.1	8.2	0.0	3.2
10806411	学部	"○人間と社会
Human Beings and Society"	水垣　源太郎	京田辺	2単位	https://syllabus.doshisha.ac.jp/html/2018/0806/10806411000.html	37.0	2.7	54.1	13.5	2.7	27.0	0.0	2.0
10806412	学部	"△社会調査入門
Introduction to Social Survey"	石岡　学	京田辺	2単位	https://syllabus.doshisha.ac.jp/html/2018/0806/10806412000.html	262.0	15.6	28.6	24.0	15.3	16.4	0.0	2.1
10806421	学部	"○社会調査法
Methodology of Social Survey"	鄭　躍軍	京田辺	2単位	https://syllabus.doshisha.ac.jp/html/2018/0806/10806421000.html	159.0	17.0	23.3	22.0	11.3	26.4	0.0	1.9
10806422	学部	"△メディア文化論
Cultural Media Studies"	石岡　学	京田辺	2単位	https://syllabus.doshisha.ac.jp/html/2018/0806/10806422000.html	102.0	13.7	25.5	23.5	18.6	18.6	0.0	2.0
10806423	学部	"△社会調査演習
Exercise for Social Survey"	"宿久　洋
鄭　躍軍
浦部　治一郎
川﨑　廣𠮷
山原　英男
藤田　成隆"	京田辺	2単位	https://syllabus.doshisha.ac.jp/html/2018/0806/10806423000.html	52.0	34.6	44.2	13.5	0.0	7.7	0.0	3.0
10806431	学部	"△組織と文化
Organization and Culture"	水垣　源太郎	京田辺	2単位	https://syllabus.doshisha.ac.jp/html/2018/0806/10806431000.html	77.0	7.8	23.4	18.2	24.7	26.0	0.0	1.6
10806432	学部	"△人類生態と社会現象
Human Ecology and Social Phenomena"	津村　宏臣	京田辺	2単位	https://syllabus.doshisha.ac.jp/html/2018/0806/10806432000.html	127.0	32.3	32.3	22.0	3.9	9.4	0.0	2.7
10806433	学部	"△行動計量学
Behaviormetrics"	津村　宏臣	京田辺	2単位	https://syllabus.doshisha.ac.jp/html/2018/0806/10806433000.html	144.0	45.1	34.0	12.5	2.8	5.6	0.0	3.1
10806461	学部	"○現代社会論
Social Issues in Contemporary Society"	鄭　躍軍	京田辺	2単位	https://syllabus.doshisha.ac.jp/html/2018/0806/10806461000.html	45.0	28.9	11.1	4.4	15.6	40.0	0.0	1.7
10806471	学部	"△社会変動論
Changes of Social Structure"	水垣　源太郎	京田辺	2単位	https://syllabus.doshisha.ac.jp/html/2018/0806/10806471000.html	77.0	7.8	23.4	18.2	24.7	26.0	0.0	1.6
30806501	博前	"○シンポジウム１
Symposium 1"	"鋤柄　俊夫
星　英仁
伊藤　紀子
金　明哲
福田　智子
阪田　真己子
下嶋　篤
津村　宏臣
杉本　裕二
杉尾　武志
宿久　洋
矢野　環
波多野　賢治
鄭　躍軍
原　尚幸
浦部　治一郎
川﨑　廣𠮷
山内　信幸
田口　哲也
沈　力
影山　太郎"	京田辺	1単位	https://syllabus.doshisha.ac.jp/html/2018/0806/30806501000.html								
30806502	博前	"△シンポジウム２
Symposium 2"	"鋤柄　俊夫
星　英仁
伊藤　紀子
金　明哲
福田　智子
阪田　真己子
下嶋　篤
津村　宏臣
杉本　裕二
杉尾　武志
宿久　洋
矢野　環
波多野　賢治
鄭　躍軍
原　尚幸
浦部　治一郎
川﨑　廣𠮷
山内　信幸
田口　哲也
沈　力
影山　太郎"	京田辺	1単位	https://syllabus.doshisha.ac.jp/html/2018/0806/30806502000.html								
30806503	博前	"○シンポジウム３
Symposium 3"	"鋤柄　俊夫
星　英仁
伊藤　紀子
金　明哲
福田　智子
阪田　真己子
下嶋　篤
津村　宏臣
杉本　裕二
杉尾　武志
宿久　洋
矢野　環
波多野　賢治
鄭　躍軍
原　尚幸
浦部　治一郎
川﨑　廣𠮷
山内　信幸
田口　哲也
沈　力
影山　太郎"	京田辺	1単位	https://syllabus.doshisha.ac.jp/html/2018/0806/30806503000.html								
30806504	博前	"△シンポジウム４
Symposium 4"	"鋤柄　俊夫
星　英仁
伊藤　紀子
金　明哲
福田　智子
阪田　真己子
下嶋　篤
津村　宏臣
杉本　裕二
杉尾　武志
宿久　洋
矢野　環
波多野　賢治
鄭　躍軍
原　尚幸
浦部　治一郎
川﨑　廣𠮷
山内　信幸
田口　哲也
沈　力
影山　太郎"	京田辺	1単位	https://syllabus.doshisha.ac.jp/html/2018/0806/30806504000.html								
10806511-002	学部	"○データサイエンス入門-2
Introduction to Data Science-2"	竹野　倫彰	京田辺	2単位	https://syllabus.doshisha.ac.jp/html/2018/0806/10806511002.html	46.0	41.3	8.7	17.4	19.6	13.0	0.0	2.5
10806512-002	学部	"○データサイエンス入門演習-2
Exercise for Introductory Data Science-2"	竹野　倫彰	京田辺	2単位	https://syllabus.doshisha.ac.jp/html/2018/0806/10806512002.html	50.0	52.0	30.0	14.0	2.0	2.0	0.0	3.3
10806513-002	学部	"△データサイエンス基礎-2
Fundamentals in Data Science-2"	竹野　倫彰	京田辺	2単位	https://syllabus.doshisha.ac.jp/html/2018/0806/10806513002.html	62.0	12.9	27.4	40.3	11.3	8.1	0.0	2.3
10806514-002	学部	"△データサイエンス演習-2
Exercise for Data Science-2"	竹野　倫彰	京田辺	2単位	https://syllabus.doshisha.ac.jp/html/2018/0806/10806514002.html	61.0	23.0	31.1	32.8	9.8	3.3	0.0	2.6
10806521	学部	"○定量的データ分析
Quantitative Data Analysis"	"矢野　環
原　尚幸"	京田辺	2単位	https://syllabus.doshisha.ac.jp/html/2018/0806/10806521000.html	209.0	25.8	25.4	22.0	12.9	13.9	0.0	2.4
10806522	学部	"○定量的データ分析演習
Exercise for Quantitative Data Analysis"	"宿久　洋
矢野　環
原　尚幸
河瀬　彰宏"	京田辺	2単位	https://syllabus.doshisha.ac.jp/html/2018/0806/10806522000.html	213.0	20.2	18.8	22.1	14.1	24.9	0.0	2.0
10806523	学部	"△定性的データ分析
Qualitative Data Analysis"	金　明哲	京田辺	2単位	https://syllabus.doshisha.ac.jp/html/2018/0806/10806523000.html	65.0	15.4	40.0	27.7	9.2	7.7	0.0	2.5
10806524	学部	"△定性的データ分析演習
Exercise for Qualitative Data Analysis"	金　明哲	京田辺	2単位	https://syllabus.doshisha.ac.jp/html/2018/0806/10806524000.html	41.0	4.9	36.6	29.3	14.6	14.6	0.0	2.0
10806531	学部	"○データマイニング
Data Mining"	金　明哲	京田辺	2単位	https://syllabus.doshisha.ac.jp/html/2018/0806/10806531000.html	42.0	28.6	14.3	19.0	11.9	26.2	0.0	2.1
10806532	学部	"△時系列解析
Time Series Analysis"	竹内　惠行	京田辺	2単位	https://syllabus.doshisha.ac.jp/html/2018/0806/10806532000.html								
10806533	学部	"○心理データ解析
Psychometric Data Analysis"	上田　祥行	京田辺	2単位	https://syllabus.doshisha.ac.jp/html/2018/0806/10806533000.html	87.0	23.0	28.7	18.4	5.7	24.1	0.0	2.2
10806534	学部	"△テキストマイニング
Text Mining"	金　明哲	京田辺	2単位	https://syllabus.doshisha.ac.jp/html/2018/0806/10806534000.html	17.0	35.3	23.5	5.9	5.9	29.4	0.0	2.3
10806535	学部	"△空間データ解析
Spatial Data Analysis"	津村　宏臣	京田辺	2単位	https://syllabus.doshisha.ac.jp/html/2018/0806/10806535000.html	23.0	69.6	8.7	4.3	4.3	13.0	0.0	3.2
10806536	学部	"△意思決定の数理
Statistical Decision Making"	池田　和司	京田辺	2単位	https://syllabus.doshisha.ac.jp/html/2018/0806/10806536000.html								
30806601	博前	"○調査法特別演習Ⅰ
Advanced Seminars in Social Research I"	鄭　躍軍	京田辺	2単位	https://syllabus.doshisha.ac.jp/html/2018/0806/30806601000.html								
30806602	博前	"△調査法特別演習Ⅱ
Advanced Seminars in Social Research II"	鄭　躍軍	京田辺	2単位	https://syllabus.doshisha.ac.jp/html/2018/0806/30806602000.html								
30806603	博前	"△社会調査特別研究指導Ⅰ
Special Lectures in Social Research I"	"金　明哲
宿久　洋
鄭　躍軍"	京田辺	2単位	https://syllabus.doshisha.ac.jp/html/2018/0806/30806603000.html								
30806604	博前	"○社会調査特別研究指導Ⅱ
Special Lectures in Social Research II"	"金　明哲
宿久　洋
鄭　躍軍"	京田辺	2単位	https://syllabus.doshisha.ac.jp/html/2018/0806/30806604000.html								
30806605	博前	"○多変量解析特別演習
Special Exercises for Multivariate Data Analysis"	宿久　洋	京田辺	2単位	https://syllabus.doshisha.ac.jp/html/2018/0806/30806605000.html								
10806611	学部	"○論理と数理
Introduction to Logic and Mathematics"	"下嶋　篤
新　茂之"	京田辺	2単位	https://syllabus.doshisha.ac.jp/html/2018/0806/10806611000.html	116.0	28.4	18.1	19.0	14.7	19.8	0.0	2.2
10806612-001	学部	"○数学入門-1
Introduction to Mathematics-1"	玉谷　充	京田辺	2単位	https://syllabus.doshisha.ac.jp/html/2018/0806/10806612001.html	152.0	25.7	25.0	15.1	13.2	21.1	0.0	2.2
10806612-002	学部	"○数学入門-2
Introduction to Mathematics-2"	根岸　章	京田辺	2単位	https://syllabus.doshisha.ac.jp/html/2018/0806/10806612002.html	159.0	17.6	18.9	22.0	25.2	16.4	0.0	2.0
10806612-003	学部	"○数学入門-3
Introduction to Mathematics-3"	松田　真実	京田辺	2単位	https://syllabus.doshisha.ac.jp/html/2018/0806/10806612003.html	77.0	46.8	26.0	20.8	1.3	5.2	0.0	3.1
10806613-001	学部	"○数学基礎Ⅰ-1
Elementary Mathematics I-1"	浦部　治一郎	京田辺	2単位	https://syllabus.doshisha.ac.jp/html/2018/0806/10806613001.html	66.0	24.2	16.7	24.2	18.2	16.7	0.0	2.1
10806613-002	学部	"○数学基礎Ⅰ-2
Elementary Mathematics I-2"	根岸　章	京田辺	2単位	https://syllabus.doshisha.ac.jp/html/2018/0806/10806613002.html	68.0	26.5	23.5	25.0	14.7	10.3	0.0	2.4
10806614	学部	"△離散数学
Discrete Mathematics"	深川　大路	京田辺	2単位	https://syllabus.doshisha.ac.jp/html/2018/0806/10806614000.html	33.0	24.2	12.1	24.2	12.1	27.3	0.0	1.9
10806621	学部	"△数学基礎Ⅱ
Elementary Mathematics II"	浦部　治一郎	京田辺	2単位	https://syllabus.doshisha.ac.jp/html/2018/0806/10806621000.html								
10806622	学部	"○確率・統計
Introduction to Probability and Statistics"	玉谷　充	京田辺	2単位	https://syllabus.doshisha.ac.jp/html/2018/0806/10806622000.html	64.0	28.1	10.9	20.3	17.2	23.4	0.0	2.0
10806623	学部	"○現象と数理Ⅰ
Phenomena and Mathematics I"	川﨑　廣𠮷	京田辺	2単位	https://syllabus.doshisha.ac.jp/html/2018/0806/10806623000.html	38.0	10.5	18.4	21.1	15.8	34.2	0.0	1.6
10806624	学部	"△数理統計Ⅰ
Mathematical Statistics I"	宿久　洋	京田辺	2単位	https://syllabus.doshisha.ac.jp/html/2018/0806/10806624000.html	41.0	24.4	12.2	12.2	17.1	34.1	0.0	1.8
10806631	学部	"△現象と数理Ⅱ
Phenomena and Mathematics II"	浦部　治一郎	京田辺	2単位	https://syllabus.doshisha.ac.jp/html/2018/0806/10806631000.html								
10806632	学部	"○数理統計Ⅱ
Mathematical Statistics II"	宿久　洋	京田辺	2単位	https://syllabus.doshisha.ac.jp/html/2018/0806/10806632000.html	12.0	75.0	25.0	0.0	0.0	0.0	0.0	3.8
10806633	学部	"○数理モデル
Mathematical Models"	川﨑　廣𠮷	京田辺	2単位	https://syllabus.doshisha.ac.jp/html/2018/0806/10806633000.html	17.0	17.6	11.8	23.5	5.9	41.2	0.0	1.6
10806651	学部	"△数学基礎Ⅱ
Elementary Mathematics II"	浦部　治一郎	京田辺	2単位	https://syllabus.doshisha.ac.jp/html/2018/0806/10806651000.html	102.0	15.7	24.5	23.5	24.5	11.8	0.0	2.1
10806661	学部	"△現象と数理Ⅱ
Phenomena and Mathematics II"	浦部　治一郎	京田辺	2単位	https://syllabus.doshisha.ac.jp/html/2018/0806/10806661000.html	12.0	33.3	25.0	16.7	16.7	8.3	0.0	2.6
10806671	学部	"△決定理論
Statistical Decision Theory"	池田　和司	京田辺	2単位	https://syllabus.doshisha.ac.jp/html/2018/0806/10806671000.html	15.0	13.3	33.3	6.7	0.0	46.7	0.0	1.7
10806672	学部	"△時系列解析
Time Series Analysis"	竹内　惠行	京田辺	2単位	https://syllabus.doshisha.ac.jp/html/2018/0806/10806672000.html	11.0	0.0	45.5	27.3	9.1	18.2	0.0	2.0
30806701	博前	"○文化情報学特殊講義１
Special Lectures in Culture and Information Science 1"	影山　太郎	京田辺	2単位	https://syllabus.doshisha.ac.jp/html/2018/0806/30806701000.html								
30806702	博前	"△文化情報学特殊講義２
Special Lectures in Culture and Information Science 2"	影山　太郎	京田辺	2単位	https://syllabus.doshisha.ac.jp/html/2018/0806/30806702000.html								
30806705	博前	"○文化情報学特殊講義５
Special Lectures in Culture and Information Science 5"	鈴木　大慈	京田辺	2単位	https://syllabus.doshisha.ac.jp/html/2018/0806/30806705000.html								
30806706	博前	"○文化情報学特殊講義６(物語作品の変容～『源氏物語』を中心に～)
Special Lectures in Culture and Information Science 6"	新美　哲彦	京田辺	2単位	https://syllabus.doshisha.ac.jp/html/2018/0806/30806706000.html								
30806707-001	博前	"○Strategies in English Communication 1-1
Strategies in English Communication 1-1"	平岩　葉子	京田辺	2単位	https://syllabus.doshisha.ac.jp/html/2018/0806/30806707001.html								
30806707-002	博前	"△Strategies in English Communication 1-2
Strategies in English Communication 1-2"	平岩　葉子	京田辺	2単位	https://syllabus.doshisha.ac.jp/html/2018/0806/30806707002.html								
30806708-001	博前	"○Strategies in English Communication 2-1
Strategies in English Communication 2-1"	布施　邦子	京田辺	2単位	https://syllabus.doshisha.ac.jp/html/2018/0806/30806708001.html								
30806708-002	博前	"△Strategies in English Communication 2-2
Strategies in English Communication 2-2"	布施　邦子	京田辺	2単位	https://syllabus.doshisha.ac.jp/html/2018/0806/30806708002.html								
10806711	学部	"○インターネット技術
Internet Technology"	岡本　和也	京田辺	2単位	https://syllabus.doshisha.ac.jp/html/2018/0806/10806711000.html								
10806712	学部	"○情報倫理
Information Moral"	"川崎　友巳
植平　朋行
四方　奨"	京田辺	2単位	https://syllabus.doshisha.ac.jp/html/2018/0806/10806712000.html	334.0	2.4	37.1	45.5	10.5	4.5	0.0	2.2
10806714	学部	"△コンピュータの仕組み
Mechanism of Computers"	杉本　裕二	京田辺	2単位	https://syllabus.doshisha.ac.jp/html/2018/0806/10806714000.html	242.0	5.0	18.6	32.2	25.6	18.6	0.0	1.7
10806717	学部	"○知的財産権
Intellectual Property Rights"	青江　秀史	京田辺	2単位	https://syllabus.doshisha.ac.jp/html/2018/0806/10806717000.html								
10806721	学部	"○人間と情報
Human Beings and Information"	深川　大路	京田辺	2単位	https://syllabus.doshisha.ac.jp/html/2018/0806/10806721000.html								
10806722	学部	"○情報基礎論
Fundamentals of Computation"	深川　大路	京田辺	2単位	https://syllabus.doshisha.ac.jp/html/2018/0806/10806722000.html								
10806723	学部	"○ｅ－ラーニング
e-Learning"	松本　寿一	京田辺	2単位	https://syllabus.doshisha.ac.jp/html/2018/0806/10806723000.html								
10806724	学部	"△翻訳解析
Machine Translation"	永田　昌明	京田辺	2単位	https://syllabus.doshisha.ac.jp/html/2018/0806/10806724000.html	64.0	20.3	20.3	29.7	12.5	17.2	0.0	2.1
10806725	学部	"○情報アクセス技術
Information Access Technologies"	波多野　賢治	京田辺	2単位	https://syllabus.doshisha.ac.jp/html/2018/0806/10806725000.html	10.0	30.0	50.0	10.0	0.0	10.0	0.0	2.9
10806726	学部	"△社会とコンピュータ
Society and Computers"	波多野　賢治	京田辺	2単位	https://syllabus.doshisha.ac.jp/html/2018/0806/10806726000.html								
10806731	学部	"○ヒューマンコンピュータインタラクション
Human-Computer Interaction"	杉本　裕二	京田辺	2単位	https://syllabus.doshisha.ac.jp/html/2018/0806/10806731000.html	28.0	14.3	17.9	17.9	17.9	32.1	0.0	1.6
10806732	学部	"△数値計算
Numerical Analysis"	川﨑　廣𠮷	京田辺	2単位	https://syllabus.doshisha.ac.jp/html/2018/0806/10806732000.html								
10806733	学部	"△データベースシステム
Database Systems"	波多野　賢治	京田辺	2単位	https://syllabus.doshisha.ac.jp/html/2018/0806/10806733000.html								
10806751	学部	"○プログラミング入門
Introduction to Programming"	"波多野　賢治
深川　大路
山西　良典
鎌田　真由美
太田　公子"	京田辺	2単位	https://syllabus.doshisha.ac.jp/html/2018/0806/10806751000.html	297.0	10.8	36.7	14.1	21.2	17.2	0.0	2.0
10806752	学部	"△プログラミング基礎
Fundamentals of Programming"	"波多野　賢治
深川　大路
川原　純"	京田辺	2単位	https://syllabus.doshisha.ac.jp/html/2018/0806/10806752000.html	147.0	19.0	32.0	23.8	7.5	17.7	0.0	2.3
10806753	学部	"△情報セキュリティ
Information Security"	矢内　直人	京田辺	2単位	https://syllabus.doshisha.ac.jp/html/2018/0806/10806753000.html	70.0	8.6	31.4	25.7	12.9	21.4	0.0	1.9
10806762	学部	"○アルゴリズムとデータ構造
Algorithms and Data Structures"	深川　大路	京田辺	2単位	https://syllabus.doshisha.ac.jp/html/2018/0806/10806762000.html	13.0	15.4	15.4	15.4	7.7	46.2	0.0	1.5
10806763	学部	"○情報理論
Information Theory"	深川　大路	京田辺	2単位	https://syllabus.doshisha.ac.jp/html/2018/0806/10806763000.html	85.0	14.1	25.9	10.6	12.9	36.5	0.0	1.7
10806764	学部	"△数値計算
Numerical Analysis"	川﨑　廣𠮷	京田辺	2単位	https://syllabus.doshisha.ac.jp/html/2018/0806/10806764000.html								
10806765	学部	"△データベースシステム
Database Systems"	波多野　賢治	京田辺	2単位	https://syllabus.doshisha.ac.jp/html/2018/0806/10806765000.html	21.0	23.8	33.3	14.3	4.8	23.8	0.0	2.3
10806771	学部	"○知的財産権
Intellectual Property Rights"	青江　秀史	京田辺	2単位	https://syllabus.doshisha.ac.jp/html/2018/0806/10806771000.html	116.0	9.5	21.6	20.7	35.3	12.9	0.0	1.8
10806772	学部	"○インターネット技術
Internet Technology"	岡本　和也	京田辺	2単位	https://syllabus.doshisha.ac.jp/html/2018/0806/10806772000.html	16.0	6.3	12.5	37.5	12.5	31.3	0.0	1.5
10806773	学部	"○プログラミング応用
Advanced Programming"	"波多野　賢治
深川　大路"	京田辺	2単位	https://syllabus.doshisha.ac.jp/html/2018/0806/10806773000.html	29.0	13.8	58.6	17.2	0.0	10.3	0.0	2.7
10806774	学部	"△データハンドリング
Data Handling"	阿部　寛康	京田辺	2単位	https://syllabus.doshisha.ac.jp/html/2018/0806/10806774000.html	10.0	90.0	10.0	0.0	0.0	0.0	0.0	3.9
10806775	学部	"○ｅ－ラーニング
e-Learning"	松本　寿一	京田辺	2単位	https://syllabus.doshisha.ac.jp/html/2018/0806/10806775000.html	42.0	31.0	23.8	19.0	16.7	9.5	0.0	2.5
10806811-001	学部	"○トピックス-1(美術・芸術の展示・推進計画)
Topics-1 (Planning of an exhibition and a promotion of arts)"	矢野　環	京田辺	2単位	https://syllabus.doshisha.ac.jp/html/2018/0806/10806811001.html	121.0	20.7	28.1	23.1	10.7	17.4	0.0	2.2
10806811-004	学部	"△トピックス-4(環境と情報)
Topics-4 (Environment and Information)"	"鄭　躍軍
林田　明
岸　基史"	京田辺	2単位	https://syllabus.doshisha.ac.jp/html/2018/0806/10806811004.html								
10806811-006	学部	"△トピックス-6(京都の伝統文化)
Topics-6 (Traditional Culture in Kyoto)"	矢野　環	京田辺	2単位	https://syllabus.doshisha.ac.jp/html/2018/0806/10806811006.html	128.0	18.0	20.3	20.3	15.6	25.8	0.0	1.9
10806811-008	学部	"△トピックス-8(「わざ学」のすすめ)
Topics-8 (""Waza"" Studies)"	阪田　真己子	京田辺	2単位	https://syllabus.doshisha.ac.jp/html/2018/0806/10806811008.html								
10806811-009	学部	"△トピックス-9(Ｏｐｅｎ　Ｄｏｏｒｓ　Ｐｒｏｇｒａｍ：Ｅｘｐｌｏｒｉｎｇ　Ｎｅｗ　Ｏｒｌｅａｎｓ )
Topics-9 (Open Doors Program : Exploring New Orleans)"	山内　信幸	京田辺	2単位	https://syllabus.doshisha.ac.jp/html/2018/0806/10806811009.html								
10806811-012	学部	"○トピックス-12(Short Program in Heinrich Heine University)
Topics-12 (Project-based Independent Short Program in Heinrich Heine University Dusseldorf)"	山内　信幸	京田辺	2単位	https://syllabus.doshisha.ac.jp/html/2018/0806/10806811012.html								
10806811-013	学部	"○トピックス-13(Short Program in Hamilton College)
Topics-13 (Project-based Independent Short Program in Hamilton College)"	山内　信幸	京田辺	2単位	https://syllabus.doshisha.ac.jp/html/2018/0806/10806811013.html								
10806811-014	学部	"△トピックス-14(金融・投資の計量分析入門)
Topics-14 (Experiential Liberal Arts)"	津田　博史	京田辺	2単位	https://syllabus.doshisha.ac.jp/html/2018/0806/10806811014.html								
10806811-015	学部	"○トピックス-15(Industry-Leading Analytics　ビジネスで活用されるアナリティクス)
Topics-15 (Experiential Liberal Arts)"	宿久　洋	京田辺	2単位	https://syllabus.doshisha.ac.jp/html/2018/0806/10806811015.html								
10806851	学部	"○トピックス(美術・芸術の展示・推進計画)
Topics (Planning of an exhibition and a promotion of arts)"	矢野　環	京田辺	2単位	https://syllabus.doshisha.ac.jp/html/2018/0806/10806851000.html	121.0	20.7	28.1	23.1	10.7	17.4	0.0	2.2
10806854	学部	"△トピックス(環境と情報)
Topics (Environment and Information)"	"鄭　躍軍
林田　明
岸　基史"	京田辺	2単位	https://syllabus.doshisha.ac.jp/html/2018/0806/10806854000.html	79.0	13.9	27.8	25.3	8.9	24.1	0.0	2.0
10806856	学部	"△トピックス(京都の伝統文化)
Topics (Traditional Culture in Kyoto)"	矢野　環	京田辺	2単位	https://syllabus.doshisha.ac.jp/html/2018/0806/10806856000.html	128.0	18.0	20.3	20.3	15.6	25.8	0.0	1.9
10806858	学部	"△トピックス(「わざ学」のすすめ)
Topics (""Waza"" Studies)"	阪田　真己子	京田辺	2単位	https://syllabus.doshisha.ac.jp/html/2018/0806/10806858000.html	305.0	11.8	32.1	29.2	16.4	10.5	0.0	2.2
10806859	学部	"△トピックス(Ｏｐｅｎ　Ｄｏｏｒｓ　Ｐｒｏｇｒａｍ：Ｅｘｐｌｏｒｉｎｇ　Ｎｅｗ　Ｏｒｌｅａｎｓ )
Topics (Open Doors Program : Exploring New Orleans)"	山内　信幸	京田辺	2単位	https://syllabus.doshisha.ac.jp/html/2018/0806/10806859000.html								
10806862	学部	"○トピックス(Short Program in Heinrich Heine University)
Topics (Project-based Independent Short Program in Heinrich Heine University Dusseldorf)"	山内　信幸	京田辺	2単位	https://syllabus.doshisha.ac.jp/html/2018/0806/10806862000.html								
10806863	学部	"○トピックス(Short Program in Hamilton College)
Topics (Project-based Independent Short Program in Hamilton College)"	山内　信幸	京田辺	2単位	https://syllabus.doshisha.ac.jp/html/2018/0806/10806863000.html								
10806864	学部	"△トピックス(金融・投資の計量分析入門)
Topics (Experiential Liberal Arts)"	津田　博史	京田辺	2単位	https://syllabus.doshisha.ac.jp/html/2018/0806/10806864000.html	51.0	70.6	2.0	2.0	5.9	19.6	0.0	3.0
10806865	学部	"○トピックス
Topics"	宿久　洋	京田辺	2単位	https://syllabus.doshisha.ac.jp/html/2018/0806/10806865000.html	86.0	25.6	22.1	10.5	22.1	19.8	0.0	2.1
10807011	学部	"○文化情報学入門
Introduction to Culture and Information Science"	"鋤柄　俊夫
星　英仁
伊藤　紀子
金　明哲
福田　智子
阪田　真己子
下嶋　篤
津村　宏臣
杉本　裕二
杉尾　武志
宿久　洋
矢野　環
波多野　賢治
鄭　躍軍
深川　大路
石岡　学
大塚　幸生
玉谷　充
柳沢　英輔
原　尚幸
河瀬　彰宏
浦部　治一郎
川﨑　廣𠮷
山内　信幸
田口　哲也
沈　力
中安　真理
田中　雄"	京田辺	2単位	https://syllabus.doshisha.ac.jp/html/2018/0807/10807011000.html	298.0	65.4	12.1	11.4	5.4	5.7	0.0	3.3
10807012-001	学部	"△コロキアム-1
Colloquium-1"	"鋤柄　俊夫
星　英仁
伊藤　紀子
福田　智子
下嶋　篤
杉本　裕二
宿久　洋
深川　大路
石岡　学
柳沢　英輔
原　尚幸
川﨑　廣𠮷
山内　信幸
田中　雄"	京田辺	1単位	https://syllabus.doshisha.ac.jp/html/2018/0807/10807012001.html								
10807012-002	学部	"△コロキアム-2
Colloquium-2"	"金　明哲
阪田　真己子
下嶋　篤
津村　宏臣
杉尾　武志
矢野　環
波多野　賢治
大塚　幸生
玉谷　充
河瀬　彰宏
浦部　治一郎
田口　哲也
沈　力
中安　真理"	京田辺	1単位	https://syllabus.doshisha.ac.jp/html/2018/0807/10807012002.html								
10807033-001	学部	"△アドバンスト・コロキアム-1
Advanced Colloquium-1"	"鋤柄　俊夫
星　英仁
伊藤　紀子
福田　智子
下嶋　篤
杉本　裕二
宿久　洋
深川　大路
石岡　学
柳沢　英輔
原　尚幸
川﨑　廣𠮷
山内　信幸
田中　雄"	京田辺	1単位	https://syllabus.doshisha.ac.jp/html/2018/0807/10807033001.html								
10807033-002	学部	"△アドバンスト・コロキアム-2
Advanced Colloquium-2"	"金　明哲
阪田　真己子
下嶋　篤
津村　宏臣
杉尾　武志
矢野　環
波多野　賢治
大塚　幸生
玉谷　充
河瀬　彰宏
浦部　治一郎
田口　哲也
沈　力
中安　真理"	京田辺	1単位	https://syllabus.doshisha.ac.jp/html/2018/0807/10807033002.html								
10807051	学部	"△文化情報学演習１
Culture and Information Science Practicum 1"	"鋤柄　俊夫
星　英仁
伊藤　紀子
福田　智子
矢野　環
大浦　真
柳沢　英輔
山内　信幸
田口　哲也
沈　力
中安　真理
田中　雄"	京田辺	1単位	https://syllabus.doshisha.ac.jp/html/2018/0807/10807051000.html								
10807061	学部	"△文化情報学演習２
Culture and Information Science Practicum 2"	"金　明哲
阪田　真己子
下嶋　篤
杉尾　武志
鄭　躍軍
松田　佳尚
石岡　学
大塚　幸生
河瀬　彰宏
浦部　治一郎
藤田　成隆
濱田　大佐"	京田辺	1単位	https://syllabus.doshisha.ac.jp/html/2018/0807/10807061000.html								
10807062	学部	"○文化情報学演習３
Culture and Information Science Practicum 3"	"阪田　真己子
宿久　洋
竹野　倫彰
玉谷　充
原　尚幸
河瀬　彰宏"	京田辺	1単位	https://syllabus.doshisha.ac.jp/html/2018/0807/10807062000.html	338.0	13.6	14.2	16.9	30.8	24.6	0.0	1.6
10807111	学部	"○日本文化史
Information to Japanese Cultural History"	髙橋　美都	京田辺	2単位	https://syllabus.doshisha.ac.jp/html/2018/0807/10807111000.html	151.0	31.1	40.4	13.2	4.6	10.6	0.0	2.8
10807112	学部	"○文化計量学入門
Introduction to Quantitative Analysis of Culture"	河瀬　彰宏	京田辺	2単位	https://syllabus.doshisha.ac.jp/html/2018/0807/10807112000.html	251.0	11.2	20.3	38.2	20.7	9.6	0.0	2.0
10807113	学部	"○現代文化概論
Contemporary Cultural Studies"	柳沢　英輔	京田辺	2単位	https://syllabus.doshisha.ac.jp/html/2018/0807/10807113000.html	323.0	8.7	20.7	35.6	15.8	19.2	0.0	1.8
10807114	学部	"△歴史文化情報入門
Introduction to Historic and Cultural Information"	鋤柄　俊夫	京田辺	2単位	https://syllabus.doshisha.ac.jp/html/2018/0807/10807114000.html	102.0	15.7	19.6	41.2	2.0	21.6	0.0	2.1
10807115	学部	"△文献学入門
Introduction to Philology"	福田　智子	京田辺	2単位	https://syllabus.doshisha.ac.jp/html/2018/0807/10807115000.html	129.0	5.4	18.6	10.9	34.9	30.2	0.0	1.3
10807121	学部	"○歴史文化情報概説
Survey of Historic and Cultural Information"	鋤柄　俊夫	京田辺	2単位	https://syllabus.doshisha.ac.jp/html/2018/0807/10807121000.html	56.0	21.4	41.1	23.2	1.8	12.5	0.0	2.6
10807122	学部	"○文献講読(百人一首を読む)
Reading Literature"	福田　智子	京田辺	2単位	https://syllabus.doshisha.ac.jp/html/2018/0807/10807122000.html	92.0	14.1	17.4	14.1	30.4	23.9	0.0	1.7
10807123	学部	"△伝統音楽論
Classical Music"	柳沢　英輔	京田辺	2単位	https://syllabus.doshisha.ac.jp/html/2018/0807/10807123000.html	213.0	8.9	18.8	26.8	23.5	22.1	0.0	1.7
10807124	学部	"△文献解析
Analysis of Literature"	矢野　環	京田辺	2単位	https://syllabus.doshisha.ac.jp/html/2018/0807/10807124000.html	62.0	16.1	6.5	16.1	11.3	50.0	0.0	1.3
10807125	学部	"△美術史学
Art History"	中安　真理	京田辺	2単位	https://syllabus.doshisha.ac.jp/html/2018/0807/10807125000.html	82.0	11.0	11.0	46.3	18.3	13.4	0.0	1.9
10807126	学部	"△文化・社会人類学
Cultural and Social Anthropology"	津村　宏臣	京田辺	2単位	https://syllabus.doshisha.ac.jp/html/2018/0807/10807126000.html	127.0	32.3	32.3	22.0	3.9	9.4	0.0	2.7
10807211	学部	"○ことばと文化
Language and Culture"	山内　信幸	京田辺	2単位	https://syllabus.doshisha.ac.jp/html/2018/0807/10807211000.html	144.0	8.3	21.5	25.7	25.7	18.8	0.0	1.8
10807212	学部	"○ことばの科学
The Science of Language"	星　英仁	京田辺	2単位	https://syllabus.doshisha.ac.jp/html/2018/0807/10807212000.html	230.0	17.4	30.0	24.3	17.0	11.3	0.0	2.3
10807213	学部	"△ことばと社会
Language and Society"	伊藤　紀子	京田辺	2単位	https://syllabus.doshisha.ac.jp/html/2018/0807/10807213000.html	145.0	11.7	36.6	18.6	9.7	23.4	0.0	2.0
10807214	学部	"△世界の諸言語
Languages of the World"	田中　雄	京田辺	2単位	https://syllabus.doshisha.ac.jp/html/2018/0807/10807214000.html	112.0	10.7	26.8	28.6	8.9	25.0	0.0	1.9
10807221	学部	"○コーパス言語学
Corpus Linguistics"	伊藤　紀子	京田辺	2単位	https://syllabus.doshisha.ac.jp/html/2018/0807/10807221000.html	43.0	18.6	25.6	14.0	7.0	34.9	0.0	1.9
10807222	学部	"○言語研究の方法１
Methodologies to Linguistic Study 1"	山内　信幸	京田辺	2単位	https://syllabus.doshisha.ac.jp/html/2018/0807/10807222000.html	128.0	11.7	26.6	28.1	18.8	14.8	0.0	2.0
10807223	学部	"○言語類型論
Linguistic Typology"	沈　力	京田辺	2単位	https://syllabus.doshisha.ac.jp/html/2018/0807/10807223000.html	136.0	6.6	14.0	15.4	30.1	33.8	0.0	1.3
10807224	学部	"△言語研究の方法２
Methodologies to Linguistic Study 2"	沈　力	京田辺	2単位	https://syllabus.doshisha.ac.jp/html/2018/0807/10807224000.html	52.0	7.7	19.2	40.4	15.4	17.3	0.0	1.8
10807225	学部	"△音韻論
Phonology"	田中　雄	京田辺	2単位	https://syllabus.doshisha.ac.jp/html/2018/0807/10807225000.html	34.0	17.6	26.5	14.7	14.7	26.5	0.0	1.9
10807311	学部	"○身体論
Body Studies"	"阪田　真己子
菊地　暁
後安　美紀
山本　倫也
鈴木　康史"	京田辺	2単位	https://syllabus.doshisha.ac.jp/html/2018/0807/10807311000.html	361.0	16.1	21.1	24.4	16.9	21.6	0.0	1.9
10807312	学部	"△認知科学入門
Introduction to Cognitive Science"	杉尾　武志	京田辺	2単位	https://syllabus.doshisha.ac.jp/html/2018/0807/10807312000.html	300.0	13.7	24.3	22.0	17.0	23.0	0.0	1.9
10807313	学部	"△人間と感性
Human Beings and Kansei"	大塚　幸生	京田辺	2単位	https://syllabus.doshisha.ac.jp/html/2018/0807/10807313000.html	243.0	31.3	12.8	12.8	19.3	23.9	0.0	2.1
10807314	学部	"△社会調査入門
Introduction to Social Survey"	石岡　学	京田辺	2単位	https://syllabus.doshisha.ac.jp/html/2018/0807/10807314000.html	262.0	15.6	28.6	24.0	15.3	16.4	0.0	2.1
10807321	学部	"○感覚・知覚論
Sensation and Perception"	杉尾　武志	京田辺	2単位	https://syllabus.doshisha.ac.jp/html/2018/0807/10807321000.html	293.0	5.8	15.0	24.2	26.3	28.7	0.0	1.4
10807322	学部	"○人間と文化
Human Beings and Culture"	田口　哲也	京田辺	2単位	https://syllabus.doshisha.ac.jp/html/2018/0807/10807322000.html	168.0	8.3	13.7	19.0	26.8	32.1	0.0	1.4
10807323	学部	"○社会調査法
Methodology of Social Survey"	鄭　躍軍	京田辺	2単位	https://syllabus.doshisha.ac.jp/html/2018/0807/10807323000.html	159.0	17.0	23.3	22.0	11.3	26.4	0.0	1.9
10807324	学部	"○計量社会学
Sociometry"	鄭　躍軍	京田辺	2単位	https://syllabus.doshisha.ac.jp/html/2018/0807/10807324000.html	45.0	28.9	11.1	4.4	15.6	40.0	0.0	1.7
10807325	学部	"△視覚表現論
Visual Representations"	"下嶋　篤
後安　美紀"	京田辺	2単位	https://syllabus.doshisha.ac.jp/html/2018/0807/10807325000.html	252.0	5.6	19.8	43.3	20.2	11.1	0.0	1.9
10807326	学部	"△比較文化論
Comparative Cultural Studies"	田口　哲也	京田辺	2単位	https://syllabus.doshisha.ac.jp/html/2018/0807/10807326000.html	92.0	6.5	13.0	13.0	26.1	41.3	0.0	1.2
10807327	学部	"△身体メディア論
Human Body as Medium"	阪田　真己子	京田辺	2単位	https://syllabus.doshisha.ac.jp/html/2018/0807/10807327000.html	315.0	16.8	18.7	23.8	16.8	23.8	0.0	1.9
10807328	学部	"△社会調査演習
Exercise for Social Survey"	"宿久　洋
鄭　躍軍
浦部　治一郎
川﨑　廣𠮷
山原　英男
藤田　成隆"	京田辺	2単位	https://syllabus.doshisha.ac.jp/html/2018/0807/10807328000.html	52.0	34.6	44.2	13.5	0.0	7.7	0.0	3.0
10807411-001	学部	"○データサイエンス入門-1
Introduction to Data Science-1"	"宿久　洋
玉谷　充
原　尚幸"	京田辺	2単位	https://syllabus.doshisha.ac.jp/html/2018/0807/10807411001.html	279.0	6.1	11.1	15.8	38.4	28.7	0.0	1.3
10807411-002	学部	"○データサイエンス入門-2
Introduction to Data Science-2"	竹野　倫彰	京田辺	2単位	https://syllabus.doshisha.ac.jp/html/2018/0807/10807411002.html	46.0	41.3	8.7	17.4	19.6	13.0	0.0	2.5
10807412-001	学部	"○データサイエンス入門演習-1
Exercise for Introductory Data Science-1"	"宿久　洋
玉谷　充
原　尚幸"	京田辺	2単位	https://syllabus.doshisha.ac.jp/html/2018/0807/10807412001.html	279.0	6.1	18.3	28.0	26.9	20.8	0.0	1.6
10807412-002	学部	"○データサイエンス入門演習-2
Exercise for Introductory Data Science-2"	竹野　倫彰	京田辺	2単位	https://syllabus.doshisha.ac.jp/html/2018/0807/10807412002.html	50.0	52.0	30.0	14.0	2.0	2.0	0.0	3.3
10807413-001	学部	"△データサイエンス基礎-1
Fundamentals in Data Science-1"	"宿久　洋
玉谷　充
原　尚幸"	京田辺	2単位	https://syllabus.doshisha.ac.jp/html/2018/0807/10807413001.html	237.0	22.4	18.1	13.9	21.5	24.1	0.0	1.9
10807413-002	学部	"△データサイエンス基礎-2
Fundamentals in Data Science-2"	竹野　倫彰	京田辺	2単位	https://syllabus.doshisha.ac.jp/html/2018/0807/10807413002.html	62.0	12.9	27.4	40.3	11.3	8.1	0.0	2.3
10807413-003	学部	"△データサイエンス基礎-3
Fundamentals in Data Science-3"	竹野　倫彰	京田辺	2単位	https://syllabus.doshisha.ac.jp/html/2018/0807/10807413003.html	64.0	12.5	29.7	35.9	12.5	9.4	0.0	2.2
10807414-001	学部	"△データサイエンス演習-1
Exercise for Data Science-1"	"宿久　洋
玉谷　充
原　尚幸"	京田辺	2単位	https://syllabus.doshisha.ac.jp/html/2018/0807/10807414001.html	237.0	5.9	13.1	16.5	32.5	32.1	0.0	1.3
10807414-002	学部	"△データサイエンス演習-2
Exercise for Data Science-2"	竹野　倫彰	京田辺	2単位	https://syllabus.doshisha.ac.jp/html/2018/0807/10807414002.html	61.0	23.0	31.1	32.8	9.8	3.3	0.0	2.6
10807414-003	学部	"△データサイエンス演習-3
Exercise for Data Science -3"	竹野　倫彰	京田辺	2単位	https://syllabus.doshisha.ac.jp/html/2018/0807/10807414003.html	59.0	22.0	44.1	15.3	11.9	6.8	0.0	2.6
10807421	学部	"○定量的データ分析
Quantitative Data Analysis"	"矢野　環
原　尚幸"	京田辺	2単位	https://syllabus.doshisha.ac.jp/html/2018/0807/10807421000.html	209.0	25.8	25.4	22.0	12.9	13.9	0.0	2.4
10807422	学部	"○定量的データ分析演習
Exercise for Quantitative Data Analysis"	"宿久　洋
矢野　環
原　尚幸
河瀬　彰宏"	京田辺	2単位	https://syllabus.doshisha.ac.jp/html/2018/0807/10807422000.html	213.0	20.2	18.8	22.1	14.1	24.9	0.0	2.0
10807423	学部	"△定性的データ分析
Qualitative Data Analysis"	金　明哲	京田辺	2単位	https://syllabus.doshisha.ac.jp/html/2018/0807/10807423000.html	65.0	15.4	40.0	27.7	9.2	7.7	0.0	2.5
10807424	学部	"△定性的データ分析演習
Exercise for Qualitative Data Analysis"	金　明哲	京田辺	2単位	https://syllabus.doshisha.ac.jp/html/2018/0807/10807424000.html	41.0	4.9	36.6	29.3	14.6	14.6	0.0	2.0
10807511-001	学部	"○数学入門-1
Introduction to Mathematics-1"	玉谷　充	京田辺	2単位	https://syllabus.doshisha.ac.jp/html/2018/0807/10807511001.html	152.0	25.7	25.0	15.1	13.2	21.1	0.0	2.2
10807511-002	学部	"○数学入門-2
Introduction to Mathematics-2"	根岸　章	京田辺	2単位	https://syllabus.doshisha.ac.jp/html/2018/0807/10807511002.html	159.0	17.6	18.9	22.0	25.2	16.4	0.0	2.0
10807511-003	学部	"○数学入門-3
Introduction to Mathematics-3"	松田　真実	京田辺	2単位	https://syllabus.doshisha.ac.jp/html/2018/0807/10807511003.html	77.0	46.8	26.0	20.8	1.3	5.2	0.0	3.1
10807512	学部	"○論理と数理
Introduction to Logic and Mathematics"	"下嶋　篤
新　茂之"	京田辺	2単位	https://syllabus.doshisha.ac.jp/html/2018/0807/10807512000.html	116.0	28.4	18.1	19.0	14.7	19.8	0.0	2.2
10807513-001	学部	"○線形代数-1
Linear Algebra-1"	浦部　治一郎	京田辺	2単位	https://syllabus.doshisha.ac.jp/html/2018/0807/10807513001.html	66.0	24.2	16.7	24.2	18.2	16.7	0.0	2.1
10807513-002	学部	"○線形代数-2
Linear Algebra-2"	根岸　章	京田辺	2単位	https://syllabus.doshisha.ac.jp/html/2018/0807/10807513002.html	68.0	26.5	23.5	25.0	14.7	10.3	0.0	2.4
10807514	学部	"△離散数学
Discrete Mathematics"	深川　大路	京田辺	2単位	https://syllabus.doshisha.ac.jp/html/2018/0807/10807514000.html	33.0	24.2	12.1	24.2	12.1	27.3	0.0	1.9
10807515	学部	"△微分積分
Analysis"	浦部　治一郎	京田辺	2単位	https://syllabus.doshisha.ac.jp/html/2018/0807/10807515000.html	102.0	15.7	24.5	23.5	24.5	11.8	0.0	2.1
10807521	学部	"○確率・統計
Introduction to Probability and Statistics"	玉谷　充	京田辺	2単位	https://syllabus.doshisha.ac.jp/html/2018/0807/10807521000.html	64.0	28.1	10.9	20.3	17.2	23.4	0.0	2.0
10807522	学部	"○微分方程式
Differential Equations"	川﨑　廣𠮷	京田辺	2単位	https://syllabus.doshisha.ac.jp/html/2018/0807/10807522000.html	38.0	10.5	18.4	21.1	15.8	34.2	0.0	1.6
10807523	学部	"△数理統計
Mathematical Statistics"	宿久　洋	京田辺	2単位	https://syllabus.doshisha.ac.jp/html/2018/0807/10807523000.html	41.0	24.4	12.2	12.2	17.1	34.1	0.0	1.8
10807524	学部	"△現象と数理
Phenomena and Mathematics"	浦部　治一郎	京田辺	2単位	https://syllabus.doshisha.ac.jp/html/2018/0807/10807524000.html	12.0	33.3	25.0	16.7	16.7	8.3	0.0	2.6
10807525	学部	"△最適化法
Optimization Methods"	深川　大路	京田辺	2単位	https://syllabus.doshisha.ac.jp/html/2018/0807/10807525000.html	15.0	46.7	13.3	6.7	13.3	20.0	0.0	2.5
10807611	学部	"○情報倫理
Information Moral"	"川崎　友巳
植平　朋行
四方　奨"	京田辺	2単位	https://syllabus.doshisha.ac.jp/html/2018/0807/10807611000.html	334.0	2.4	37.1	45.5	10.5	4.5	0.0	2.2
10807612	学部	"○プログラミング入門
Introduction to Programming"	"波多野　賢治
深川　大路
山西　良典
鎌田　真由美
太田　公子"	京田辺	2単位	https://syllabus.doshisha.ac.jp/html/2018/0807/10807612000.html	297.0	10.8	36.7	14.1	21.2	17.2	0.0	2.0
10807613	学部	"△コンピュータの仕組み
Mechanism of Computers"	杉本　裕二	京田辺	2単位	https://syllabus.doshisha.ac.jp/html/2018/0807/10807613000.html	242.0	5.0	18.6	32.2	25.6	18.6	0.0	1.7
10807614	学部	"△プログラミング基礎
Fundamentals of Programming"	"波多野　賢治
深川　大路
川原　純"	京田辺	2単位	https://syllabus.doshisha.ac.jp/html/2018/0807/10807614000.html	147.0	19.0	32.0	23.8	7.5	17.7	0.0	2.3
10807621	学部	"○情報理論
Information Theory"	深川　大路	京田辺	2単位	https://syllabus.doshisha.ac.jp/html/2018/0807/10807621000.html	85.0	14.1	25.9	10.6	12.9	36.5	0.0	1.7
10807622	学部	"○プログラミング応用
Advanced Programming"	"波多野　賢治
深川　大路"	京田辺	2単位	https://syllabus.doshisha.ac.jp/html/2018/0807/10807622000.html	29.0	13.8	58.6	17.2	0.0	10.3	0.0	2.7
10807623	学部	"△データベースシステム
Database Systems"	波多野　賢治	京田辺	2単位	https://syllabus.doshisha.ac.jp/html/2018/0807/10807623000.html	21.0	23.8	33.3	14.3	4.8	23.8	0.0	2.3
10807624	学部	"△情報セキュリティ
Information Security"	矢内　直人	京田辺	2単位	https://syllabus.doshisha.ac.jp/html/2018/0807/10807624000.html	70.0	8.6	31.4	25.7	12.9	21.4	0.0	1.9
10807851	学部	"○体験型教養科目(美術・芸術の展示・推進計画)
Experiential Liberal Arts (Experiential Liberal Arts)"	矢野　環	京田辺	2単位	https://syllabus.doshisha.ac.jp/html/2018/0807/10807851000.html	121.0	20.7	28.1	23.1	10.7	17.4	0.0	2.2
10807854	学部	"△体験型教養科目(環境と情報)
Experiential Liberal Arts (Experiential Liberal Arts)"	"鄭　躍軍
林田　明
岸　基史"	京田辺	2単位	https://syllabus.doshisha.ac.jp/html/2018/0807/10807854000.html	79.0	13.9	27.8	25.3	8.9	24.1	0.0	2.0
10807856	学部	"△体験型教養科目(京都の伝統文化)
Experiential Liberal Arts (Experiential Liberal Arts)"	矢野　環	京田辺	2単位	https://syllabus.doshisha.ac.jp/html/2018/0807/10807856000.html	128.0	18.0	20.3	20.3	15.6	25.8	0.0	1.9
10807858	学部	"△体験型教養科目(「わざ学」のすすめ)
Experiential Liberal Arts (Experiential Liberal Arts)"	阪田　真己子	京田辺	2単位	https://syllabus.doshisha.ac.jp/html/2018/0807/10807858000.html	305.0	11.8	32.1	29.2	16.4	10.5	0.0	2.2
10807859	学部	"△体験型教養科目(Ｏｐｅｎ　Ｄｏｏｒｓ　Ｐｒｏｇｒａｍ：Ｅｘｐｌｏｒｉｎｇ　Ｎｅｗ　Ｏｒｌｅａｎｓ)
Experiential Liberal Arts (Experiential Liberal Arts)"	山内　信幸	京田辺	2単位	https://syllabus.doshisha.ac.jp/html/2018/0807/10807859000.html								
10807862	学部	"○体験型教養科目(Short Program in Heinrich Heine University)
Experiential Liberal Arts (Project-based Independent Short Program in Heinrich Heine University Dusseldorf)"	山内　信幸	京田辺	2単位	https://syllabus.doshisha.ac.jp/html/2018/0807/10807862000.html								
10807864	学部	"△体験型教養科目(金融・投資の計量分析入門)
Experiential Liberal Arts (Experiential Liberal Arts)"	津田　博史	京田辺	2単位	https://syllabus.doshisha.ac.jp/html/2018/0807/10807864000.html	51.0	70.6	2.0	2.0	5.9	19.6	0.0	3.0
10807865	学部	"○体験型教養科目(Industry-Leading Analytics　ビジネスで活用されるアナリティクス)
Experiential Liberal Arts (Experiential Liberal Arts)"	宿久　洋	京田辺	2単位	https://syllabus.doshisha.ac.jp/html/2018/0807/10807865000.html	86.0	25.6	22.1	10.5	22.1	19.8	0.0	2.1
10809110	学部	"△代数学
Algebra"	浦部　治一郎	京田辺	2単位	https://syllabus.doshisha.ac.jp/html/2018/0809/10809110000.html	55.0	12.7	12.7	25.5	40.0	9.1	0.0	1.8
10809111-001	学部	"○教科教育法Ｂ（数学）-1
Methods in Teaching Mathematics B-1"	川﨑　廣𠮷	京田辺	2単位	https://syllabus.doshisha.ac.jp/html/2018/0809/10809111001.html								
10809111-002	学部	"○教科教育法Ｂ（数学）-2
Methods in Teaching Mathematics B-2"	根岸　章	京田辺	2単位	https://syllabus.doshisha.ac.jp/html/2018/0809/10809111002.html								
10809111-003	学部	"○教科教育法Ｂ（数学）-3
Methods in Teaching Mathematics B-3"	沖田　悟傳	京田辺	2単位	https://syllabus.doshisha.ac.jp/html/2018/0809/10809111003.html								
10809111-004	学部	"○教科教育法Ｂ（数学）-4
Methods in Teaching Mathematics B-4"	多久和　英樹	京田辺	2単位	https://syllabus.doshisha.ac.jp/html/2018/0809/10809111004.html								
10809114-001	学部	"教育実習の研究-1
Research in Teaching Practicum-1"	"深川　大路
浦部　治一郎"	京田辺	1単位	https://syllabus.doshisha.ac.jp/html/2018/0809/10809114001.html								
10809114-003	学部	"教育実習の研究-3
Research in Teaching Practicum-3"	"鋤柄　俊夫
杉尾　武志
中瀬　浩一"	京田辺	1単位	https://syllabus.doshisha.ac.jp/html/2018/0809/10809114003.html								
10809115-001	学部	"教育実習Ａ-1
Teaching Practicum A-1"	"深川　大路
浦部　治一郎"	京田辺	2単位	https://syllabus.doshisha.ac.jp/html/2018/0809/10809115001.html								
10809115-003	学部	"教育実習Ａ-3
Teaching Practicum A-3"	"鋤柄　俊夫
杉尾　武志
中瀬　浩一"	京田辺	2単位	https://syllabus.doshisha.ac.jp/html/2018/0809/10809115003.html								
10809116-001	学部	"教育実習Ｂ-1
Teaching Practicum B-1"	"深川　大路
浦部　治一郎"	京田辺	2単位	https://syllabus.doshisha.ac.jp/html/2018/0809/10809116001.html								
10809116-003	学部	"教育実習Ｂ-3
Teaching Practicum B-3"	"鋤柄　俊夫
杉尾　武志
中瀬　浩一"	京田辺	2単位	https://syllabus.doshisha.ac.jp/html/2018/0809/10809116003.html								
10809117-001	学部	"教育実習Ｃ-1
Teaching Practicum C-1"	"深川　大路
浦部　治一郎"	京田辺	4単位	https://syllabus.doshisha.ac.jp/html/2018/0809/10809117001.html								
10809117-003	学部	"教育実習Ｃ-3
Teaching Practicum C-3"	"鋤柄　俊夫
杉尾　武志
中瀬　浩一"	京田辺	4単位	https://syllabus.doshisha.ac.jp/html/2018/0809/10809117003.html								
10809118-001	学部	"○幾何学Ⅰ-1
Geometry I-1"	菅原　邦雄	京田辺	2単位	https://syllabus.doshisha.ac.jp/html/2018/0809/10809118001.html	11.0	0.0	27.3	18.2	18.2	36.4	0.0	1.4
10809118-002	学部	"○幾何学Ⅰ-2
Geometry I-2"	岩塚　明	京田辺	2単位	https://syllabus.doshisha.ac.jp/html/2018/0809/10809118002.html	12.0	16.7	0.0	25.0	25.0	33.3	0.0	1.4
10809119-001	学部	"△幾何学Ⅱ-1
Geometry II-1"	菅原　邦雄	京田辺	2単位	https://syllabus.doshisha.ac.jp/html/2018/0809/10809119001.html	10.0	20.0	10.0	20.0	0.0	50.0	0.0	1.5
10809119-002	学部	"△幾何学Ⅱ-2
Geometry II-2"	岩塚　明	京田辺	2単位	https://syllabus.doshisha.ac.jp/html/2018/0809/10809119002.html	17.0	17.6	11.8	29.4	29.4	11.8	0.0	1.9
10809120	学部	"○情報処理演習
Exercise in Information Processing"	深川　大路	京田辺	1単位	https://syllabus.doshisha.ac.jp/html/2018/0809/10809120000.html								
10809125-001	学部	"経済原論-1
Principles of Economics-1"	小田　勇一	京田辺	4単位	https://syllabus.doshisha.ac.jp/html/2018/0809/10809125001.html								
10809125-051	学部	"○経済原論-51
Principles of Economics-51"	"小田　勇一
北川　雅章"	今出川	4単位	https://syllabus.doshisha.ac.jp/html/2018/0809/10809125051.html								
10809126-001	学部	"△教職実践演習（中・高）-1
Teaching Practical Seminar (Secondary Education)-1"	"片桐　滋
深川　大路
大橋　忠司
浦部　治一郎
川﨑　廣𠮷
内山　伊知郎
中瀬　浩一
沖田　悟傳"	京田辺	2単位	https://syllabus.doshisha.ac.jp/html/2018/0809/10809126001.html								
10809126-003	学部	"△教職実践演習（中・高）-3
Teaching Practical Seminar (Secondary Education)-3"	"鋤柄　俊夫
杉尾　武志
沖田　悟傳
内山　伊知郎
児玉　祥一
中瀬　浩一"	京田辺	2単位	https://syllabus.doshisha.ac.jp/html/2018/0809/10809126003.html								
10809127-001	学部	"教育実習指導-1
Research in Teaching Practicum-1"	"深川　大路
浦部　治一郎"	京田辺	1単位	https://syllabus.doshisha.ac.jp/html/2018/0809/10809127001.html								
10809127-003	学部	"教育実習指導-3
Research in Teaching Practicum-3"	"鋤柄　俊夫
杉尾　武志
中瀬　浩一"	京田辺	1単位	https://syllabus.doshisha.ac.jp/html/2018/0809/10809127003.html								
30810003	博前	"○数理文献学特論１
Advanced Lectures in Mathematical Philology 1"	矢野　環	京田辺	2単位	https://syllabus.doshisha.ac.jp/html/2018/0810/30810003000.html								
30810004	博前	"△数理文献学特論２
Advanced Lectures in Mathematical Philology 2"	矢野　環	京田辺	2単位	https://syllabus.doshisha.ac.jp/html/2018/0810/30810004000.html								
30810007	博前	"○歴史文化情報特論１
Advanced Lectures in Historical Cultural Information Studies 1"	鋤柄　俊夫	京田辺	2単位	https://syllabus.doshisha.ac.jp/html/2018/0810/30810007000.html								
30810008	博前	"△歴史文化情報特論２
Advanced Lectures in Historical Cultural Information Studies 2"	鋤柄　俊夫	京田辺	2単位	https://syllabus.doshisha.ac.jp/html/2018/0810/30810008000.html								
30810009	博前	"○文化資源化学分析法特論１
Advanced Lectures in Analytical Chemistry for Cultural Properties 1"	塚越　一彦	京田辺	2単位	https://syllabus.doshisha.ac.jp/html/2018/0810/30810009000.html								
30810010	博前	"△文化資源化学分析法特論２
Advanced Lectures in Analytical Chemistry for Cultural Properties 2"	塚越　一彦	京田辺	2単位	https://syllabus.doshisha.ac.jp/html/2018/0810/30810010000.html								
30810011	博前	"○日本古典文学情報特論１
Advanced Lectures in Japanese Classical Literature Information 1"	福田　智子	京田辺	2単位	https://syllabus.doshisha.ac.jp/html/2018/0810/30810011000.html								
30810012	博前	"△日本古典文学情報特論２
Advanced Lectures in Japanese Classical Literature Information 2"	福田　智子	京田辺	2単位	https://syllabus.doshisha.ac.jp/html/2018/0810/30810012000.html								
30810013	博前	"○人類生態・時空間情報特論１
Advanced Lectures in Human Ecology and Spatio-temporal Informatics 1"	津村　宏臣	京田辺	2単位	https://syllabus.doshisha.ac.jp/html/2018/0810/30810013000.html								
30810014	博前	"△人類生態・時空間情報特論２
Advanced Lectures in Human Ecology and Spatio-temporal Informatics 2"	津村　宏臣	京田辺	2単位	https://syllabus.doshisha.ac.jp/html/2018/0810/30810014000.html								
30820001	博前	"○言語データ科学特論１
Advanced Lectures in Data Science and Linguistics 1"	金　明哲	京田辺	2単位	https://syllabus.doshisha.ac.jp/html/2018/0820/30820001000.html	11.0	36.4	54.5	9.1	0.0	0.0	0.0	0.0
30820002	博前	"△言語データ科学特論２
Advanced Lectures in Data Science and Linguistics 2"	金　明哲	京田辺	2単位	https://syllabus.doshisha.ac.jp/html/2018/0820/30820002000.html								
30820003	博前	"○言語生態研究特論１
Advanced Lectures in Linguistic Ecological Studies 1"	沈　力	京田辺	2単位	https://syllabus.doshisha.ac.jp/html/2018/0820/30820003000.html								
30820004	博前	"△言語生態研究特論２
Advanced Lectures in Linguistic Ecological Studies 2"	沈　力	京田辺	2単位	https://syllabus.doshisha.ac.jp/html/2018/0820/30820004000.html								
30820005	博前	"○コーパス言語学研究特論
Advanced Lectures in Corpus Linguistics"	益岡　隆志	京田辺	2単位	https://syllabus.doshisha.ac.jp/html/2018/0820/30820005000.html								
30820006	博前	"△言語コミュニケーション特論
Advanced Lectures in Linguistics and Communication"	益岡　隆志	京田辺	2単位	https://syllabus.doshisha.ac.jp/html/2018/0820/30820006000.html								
30820007	博前	"○言語記述研究特論
Advanced Lectures in Linguistic Description"	山内　信幸	京田辺	2単位	https://syllabus.doshisha.ac.jp/html/2018/0820/30820007000.html								
30820008	博前	"△計量語法研究特論
Advanced Lectures in Statistical Usage Study"	山内　信幸	京田辺	2単位	https://syllabus.doshisha.ac.jp/html/2018/0820/30820008000.html								
30820009	博前	"○言語計算システム特論
Advanced Lectures in Linguistic Computational System"	星　英仁	京田辺	2単位	https://syllabus.doshisha.ac.jp/html/2018/0820/30820009000.html								
30820010	博前	"△言語インターフェイス特論
Advanced Lectures in Linguistic Interfaces"	星　英仁	京田辺	2単位	https://syllabus.doshisha.ac.jp/html/2018/0820/30820010000.html								
30820011	博前	"○言語運用研究特論
Advanced Lectures in Functional Linguistics"	伊藤　紀子	京田辺	2単位	https://syllabus.doshisha.ac.jp/html/2018/0820/30820011000.html								
30820012	博前	"△言語計算科学特論
Advanced Lectures in Computational Linguistics"	伊藤　紀子	京田辺	2単位	https://syllabus.doshisha.ac.jp/html/2018/0820/30820012000.html								
30830001	博前	"○マルティメディア情報環境特論１
Advanced Lectures in Multimedia Environments 1"	杉本　裕二	京田辺	2単位	https://syllabus.doshisha.ac.jp/html/2018/0830/30830001000.html								
30830002	博前	"△マルティメディア情報環境特論２
Advanced Lectures in Multimedia Environments 2"	杉本　裕二	京田辺	2単位	https://syllabus.doshisha.ac.jp/html/2018/0830/30830002000.html								
30830003	博前	"○未来学特論１
Advanced Lectures in Foresight and Futures Studies 1"	田口　哲也	京田辺	2単位	https://syllabus.doshisha.ac.jp/html/2018/0830/30830003000.html								
30830004	博前	"△未来学特論２
Advanced Lectures in Foresight and Futures Studies 2"	田口　哲也	京田辺	2単位	https://syllabus.doshisha.ac.jp/html/2018/0830/30830004000.html								
30830005	博前	"○グラフィック表現研究法特論１
Seminar on the Method of Studying Graphical Representations 1"	下嶋　篤	京田辺	2単位	https://syllabus.doshisha.ac.jp/html/2018/0830/30830005000.html								
30830006	博前	"△グラフィック表現研究法特論２
Seminar on the Method of Studying Graphical Representations 2"	下嶋　篤	京田辺	2単位	https://syllabus.doshisha.ac.jp/html/2018/0830/30830006000.html								
30830007	博前	"○計量社会学特論１
Advanced Lectures in Sociometry 1"	鄭　躍軍	京田辺	2単位	https://syllabus.doshisha.ac.jp/html/2018/0830/30830007000.html								
30830008	博前	"△計量社会学特論２
Advanced Lectures in Sociometry 2"	鄭　躍軍	京田辺	2単位	https://syllabus.doshisha.ac.jp/html/2018/0830/30830008000.html								
30830009	博前	"○認知システム研究法特論１
Advanced Lectures on Research Methods in Cognitive Systems 1"	杉尾　武志	京田辺	2単位	https://syllabus.doshisha.ac.jp/html/2018/0830/30830009000.html								
30830010	博前	"△認知システム研究法特論２
Advanced Lectures on Research Methods in Cognitive Systems 2"	杉尾　武志	京田辺	2単位	https://syllabus.doshisha.ac.jp/html/2018/0830/30830010000.html								
30830011	博前	"○身体表現文化研究法特論１
Advanced Lectures on Research Methods in Body Expressions 1"	阪田　真己子	京田辺	2単位	https://syllabus.doshisha.ac.jp/html/2018/0830/30830011000.html								
30830012	博前	"△身体表現文化研究法特論２
Advanced Lectures on Research Methods in Body Expressions 2"	阪田　真己子	京田辺	2単位	https://syllabus.doshisha.ac.jp/html/2018/0830/30830012000.html								
30840001	博前	"△数値解析特論
Advanced Lectures in Numerical Analysis"	川﨑　廣𠮷	京田辺	2単位	https://syllabus.doshisha.ac.jp/html/2018/0840/30840001000.html								
30840002	博前	"○数理モデル特論
Advanced Lectures in Mathematical Modeling"	川﨑　廣𠮷	京田辺	2単位	https://syllabus.doshisha.ac.jp/html/2018/0840/30840002000.html								
30840003	博前	"○数理統計学特論
Advanced Lectures in Mathematical Statistics"	宿久　洋	京田辺	2単位	https://syllabus.doshisha.ac.jp/html/2018/0840/30840003000.html								
30840004	博前	"△多変量解析特論
Advanced Lectures in Multivariate Analysis"	宿久　洋	京田辺	2単位	https://syllabus.doshisha.ac.jp/html/2018/0840/30840004000.html								
30840005	博前	"○基礎数理特論
Advanced Lectures in Mathematical Foundation"	浦部　治一郎	京田辺	2単位	https://syllabus.doshisha.ac.jp/html/2018/0840/30840005000.html								
30840006	博前	"△数理科学特論
Advanced Lectures in Mathematical Sciences"	浦部　治一郎	京田辺	2単位	https://syllabus.doshisha.ac.jp/html/2018/0840/30840006000.html								
30840007	博前	"○情報アクセス技術特論
Advanced Lectures in Information Access Technologies"	波多野　賢治	京田辺	2単位	https://syllabus.doshisha.ac.jp/html/2018/0840/30840007000.html								
30840008	博前	"△データベースシステム特論
Advanced Lectures in Database Systems"	波多野　賢治	京田辺	2単位	https://syllabus.doshisha.ac.jp/html/2018/0840/30840008000.html								
30840009	博前	"○生物統計学特論
Advanced Lectures in Biostatistics"	大森　崇	京田辺	2単位	https://syllabus.doshisha.ac.jp/html/2018/0840/30840009000.html								
30840010	博前	"○統計コンサルティング特論
Advanced Lectures in Principles of Statistical Consulting"	大森　崇	京田辺	2単位	https://syllabus.doshisha.ac.jp/html/2018/0840/30840010000.html								
30840011	博前	"○時系列解析特論
Advanced Lectures in Time Series Analysis"	川﨑　能典	京田辺	2単位	https://syllabus.doshisha.ac.jp/html/2018/0840/30840011000.html								
30840015	博前	"○経済統計学特論
Advanced Lectures in Economic Statistics"	原　尚幸	京田辺	2単位	https://syllabus.doshisha.ac.jp/html/2018/0840/30840015000.html								
30840016	博前	"△ベイズ統計学特論
Advanced Lectures in Bayesian Statistics"	原　尚幸	京田辺	2単位	https://syllabus.doshisha.ac.jp/html/2018/0840/30840016000.html								
